ID_3차원측정,성별,나이,336. 손직선길이,337. 엄지손가락직선길이,338. 검지손가락직선길이,339. 가운데손가락직선길이,340. 반지손가락직선길이,341. 새끼손가락직선길이,342. 손목가쪽-엄지손가락손끝길이,343. 손목중심-엄지손가락첫마디길이,344. 손목중심-검지손가락첫마디길이,345. 손바닥직선길이,346. 손목중심-반지손가락첫마디길이,347. 손목중심-새끼손가락첫마디길이,348. 엄지손가락첫마디-검지손가락첫마디직선길이,349. 검지손가락끝마디너비,350. 가운데손가락끝마디너비,351. 반지손가락끝마디너비,352. 새끼손가락끝마디너비,353. 검지손가락중간마디너비 ,354. 가운데손가락중간마디너비,355. 반지손가락중간마디너비,356. 새끼손가락중간마디너비,357. 손안쪽가쪽직선길이,358. 엄지손가락끝마디둘레,359. 검지손가락끝마디둘레,360. 가운데손가락끝마디둘레,361. 반지손가락끝마디둘레,362. 새끼손가락끝마디둘레,363. 검지손가락중간마디둘레,364. 가운데손가락중간마디둘레,365. 반지손가락중간마디둘레,366. 새끼손가락중간마디둘레,367. 엄지손가락첫마디둘레,368. 검지손가락첫마디둘레,369. 가운데손가락첫마디둘레,370. 반지손가락첫마디둘레,371. 새끼손가락첫마디둘레,372. 손둘레,373. 손두께,374. 손두께(2/3 지점)
22_F_0001,여,70,174.3,51.8,64.6,75.1,69.6,57.4,106.8,70.5,102.3,99.6,94,83.8,54.8,16.9,16.8,16.2,16.9,18.2,18.6,18.8,16.7,82.5,58,51.3,52.3,50.4,51.2,59.7,62.4,61.3,54.8,65.6,66.1,66.6,65.1,58.1,204.3,28.2,39.4
22_F_0002,여,79,171.6,54.5,71.6,77.6,72.3,59.3,103.8,68.3,92.7,94.1,92.1,83.6,46.2,16.5,17.4,16.4,16.2,19.9,20.6,19.4,15.8,85.4,66.1,53.8,55.4,50.6,47.6,66.3,68.3,62.9,54.1,80.1,73.8,69.1,66.6,58.3,206,32.5,40
22_F_0003,여,70,170.4,55.4,65.4,73.3,66.1,51.5,103.7,67.9,98.3,97.3,95.8,93.3,49.2,16.5,17.4,14.9,15.9,18.5,19.6,18,15.9,85.5,60,49.9,51.3,47.2,46.2,60.2,62,57.6,50.6,70.8,70.4,71.5,67.3,53.7,198.3,29.3,38.9
22_F_0004,여,73,164.4,49.9,61,68.7,64.8,54,99.9,68.3,96.4,95.7,89.7,79.1,48.7,19.2,19,14.2,16.9,21.3,20.8,16.8,16.3,81.9,65.8,60.1,59.5,47.6,52.1,64.6,65.7,58,54,67.2,72.4,67.2,65.1,60.7,196.2,28.3,38.2
22_F_0005,여,80,164.4,42.6,62,67.2,64.5,50.7,98.5,73.6,95.7,97.2,92.1,83.2,47,14.4,13.9,13.8,13.9,16.8,16.3,17.1,13.8,77.4,55.5,44.6,45.6,44.9,40.4,54.5,54.2,54.1,43.7,59.7,62.4,57.8,57.9,55.2,187.6,27.3,36.1
22_F_0006,여,78,170,45.6,59.1,68.6,67.1,52.4,95.8,71.5,103.6,101.5,95.1,86.6,56,18.6,18.1,16.4,15.4,19,20.5,18.4,16.7,84.8,71,56,56.9,52.9,44.7,60.3,64.2,61.5,55.9,70.8,71.7,73.8,70.1,68.1,202.3,28.7,40
22_F_0007,여,70,167.7,41.1,60.8,72.9,70.8,49,98.5,75.2,99,94.9,89.7,86.8,44.3,15.3,15.9,14.9,13,17.9,19.1,19.2,15.8,86.7,60.2,48.6,49.1,46.8,40.3,57.8,60.3,60.4,48.8,62.1,65.1,68.2,66.8,58.2,199.3,25.8,39.1
22_F_0008,여,79,167,48.8,57.7,66.7,66.9,61.2,100.9,69.6,102.3,100.6,93.3,81,53.7,16.9,16.7,16.8,15.9,19.4,19.8,19.9,16.9,84.2,64.6,52,52.5,51.5,46.3,61.6,64.1,64.7,55.5,70.7,71.7,71.5,73,71.6,205.3,29.7,40.5
22_F_0009,여,72,176,53.3,70.5,73.8,72.7,64.2,109.6,75.1,101.6,102.2,97,84.5,52.2,18.7,18.6,17.2,16.7,20.1,20.6,19.8,17.6,87.2,70.6,57.6,58.1,54.6,48,64.7,64.4,62.8,55.3,77.2,76.4,74.8,77.8,70.6,215.5,34,46.9
22_F_0010,여,75,166.8,53.1,63.9,72.1,70.8,54.3,101.5,64.7,95.3,94.8,90,74.5,50.7,16.5,15.9,16,16.1,17.5,19.7,17.4,16.3,74,59.9,49.9,48.7,47.4,45.7,56.2,62.5,57.6,50.9,65.9,63.4,66.3,65.3,59.2,187.4,28.4,37.2
22_F_0011,여,77,166,51.6,69.1,75.1,71.7,54.1,100.8,69.4,91.6,91.1,89.3,82.9,45.1,16.3,16.2,16.1,16.5,19.2,20.1,18.3,16.6,82.5,63.5,50.8,52.5,49.3,48.3,64.9,66.5,61.7,53.5,68.8,71,70.6,66.2,62.3,198.6,29.7,40.8
22_F_0012,여,81,172.3,52.2,68.5,74.4,67.7,59.3,102,69.7,98.3,97.9,96.2,86.5,49.6,17.5,16.2,16.6,15.8,18.9,18.9,19.3,16.2,81.4,63.8,53,52.9,53.9,47.3,61.9,62.4,61.9,54.6,71.5,68.3,65.4,62.8,59.2,195.8,29.2,41.9
22_F_0013,여,72,174.7,50.6,68.4,69.7,71.7,57.9,100.9,70,97.4,105.1,94.7,83.5,49.5,15.8,16.6,15.8,16.9,20.3,19.5,19.4,17,81,61.9,50.7,54,50.6,48.7,62.8,60.8,62.3,56.1,69.4,72.9,73.2,73.2,66.7,198.8,30.8,38.3
22_F_0014,여,74,167.8,45.5,68.3,73.8,67.4,54.9,99.7,72,91.4,94,93.3,85.1,41.3,17,17,15.4,15.5,20.2,20.5,18.1,16.1,82.7,60.7,53.2,54.1,49.7,45.3,66.2,65.8,60.4,51.9,68,75,74,66.4,59.6,196.8,32.4,42.7
22_F_0015,여,78,160.3,44.9,59.8,69.4,65.2,51.9,92.5,68.2,91.1,91.1,87.6,79.9,43.7,15.4,16.2,14.9,13.6,18.7,18.8,18.2,15.4,82.8,61.1,49.6,50.7,47.8,39.9,59.1,59.9,57.4,48,64.4,66.5,66.1,66.2,58.9,194,27.3,35.8
22_F_0016,여,81,165.1,46.3,69,69.5,70.9,51.6,93.3,68.1,92.3,95.5,87.4,83.5,41.6,17.3,17.1,15.6,14.6,18.9,19.4,19.4,16.2,83.8,66.3,53.4,53.9,49.9,44.7,60.1,61.8,61.4,53.7,74.1,68.4,69.2,66.3,57.7,196.4,29,39.7
22_F_0017,여,78,159.5,43.1,58.2,67.8,65.6,42.1,92.7,67.4,92.1,91.6,89.8,84.8,43.7,16.2,16.3,15.7,14.3,17.7,17.5,18.3,16,81.7,63.3,52,53.3,50,41.7,60,62.1,60.2,50.5,68.4,68.2,67.5,62.8,57.7,193.5,29.7,39.1
22_F_0018,여,79,168.8,50.3,64.6,69.5,75,56.4,101.4,68.9,98.4,99.4,89.1,85.1,46.3,16.6,16.3,15.6,16.4,18.7,19,18.6,17.6,83.6,64.6,51.2,52.4,49.5,48,60.8,63.5,61.8,55,64.2,66.4,65.3,64,57.1,194.5,27.7,37.8
22_F_0019,여,79,174.1,56.3,68.6,76.8,74.3,57.5,106.5,66.1,95.9,97.3,95.7,86.9,51.9,16.1,16.1,15.6,15,18.4,19.1,18.2,15.9,79.5,64.6,52.9,52.5,50.9,45.9,62.9,65.2,62.3,52.9,71.2,69,67.8,66.9,63.8,190.1,30,40.3
22_F_0020,여,79,172.6,51.8,70.3,74.8,67,55.6,102.7,69.8,98.3,98,94.3,83.4,50.1,18.7,17.8,16.2,16,20.5,19.6,18.8,16.4,80.8,66.2,56.4,55.5,51.2,46,64.2,64.5,60.7,52,71.2,71,67.2,63.9,60.4,197.9,30.1,40.3
22_F_0021,여,73,181.3,45.9,69.3,76.6,72.6,59.2,116.3,83.8,102.9,104.7,98.9,87.8,39.4,16.3,17.1,15.6,13.6,19,20.1,18.4,15.8,82.9,62.5,50.5,54,50.6,42.8,61.3,64.5,60.9,52.5,67,70,65.3,64.3,61.3,198.5,27.9,38.5
22_M_0022,남,78,196.4,55.3,75.5,86.8,81.6,60.2,123.5,83.8,109.7,109.6,105.5,97.6,47.1,16.9,18.1,18.3,17.2,18.9,20.9,20.6,19,93.2,72.1,54,57.4,57.3,49,65.2,68.5,66.1,58,75.8,76.3,74.3,67.9,63.5,220.9,29.3,43.6
22_M_0023,남,84,182.6,49.4,65.3,73.1,76,57.3,109.7,77.8,108.8,109.5,97.7,88.6,50.3,17.5,17.5,16.5,16.1,19.5,19.1,18.8,18.3,87.5,68.8,53.8,54.7,51.4,48.6,62.3,63.5,64.7,60.1,67.8,69.5,69.5,74.9,67,211.4,30.4,40.7
22_M_0024,남,76,186.4,61.4,66.6,76.8,75.7,60.4,116.8,74.2,111.9,109.6,103.8,96.8,59.3,16.8,16.6,16.6,15.3,19.2,19.6,19.5,17.2,90.6,65.7,49.8,53,50.1,43.9,63.9,64.1,60.9,51.6,77.4,68.1,70.9,69.4,60.5,212.2,26.5,42
22_M_0025,남,81,203.8,59.3,80.6,90.6,87.1,67.9,124.7,82.7,113.5,113.2,108.3,103.5,52.1,20.3,19,18.9,18.4,22.2,22.4,20.9,18.4,96.6,75.5,61.4,59.7,56.5,51.1,70.9,73.5,68.6,57.8,84.6,78.9,73,79.6,70.2,224,27.6,43.9
22_M_0026,남,70,184.6,53.4,70.9,78.2,74.6,58.4,112.9,76.8,103.6,106.5,103.2,93.8,50.2,17.2,18.3,16.4,15.4,18.9,20.7,19.9,16.4,88.5,66,54.3,57.2,52.2,44.8,64.7,67,63.4,54.4,69.6,71.4,70,70.5,61.9,209.8,30.2,40.9
22_M_0027,남,77,177.8,49.7,64.5,74.2,70.3,54.2,109.1,76.5,104.4,103.9,101.7,95.9,50,17.6,16.9,17.3,18,20.1,18.8,19.9,18.1,85.3,68.9,53.1,53.5,53.5,50.8,63.2,63.8,64,54.3,65.6,68.3,66.8,65.5,64.7,207,31.1,43.2
22_M_0028,남,80,175.8,53.5,67.8,78,74.2,57.8,101.8,68.1,96.9,97.9,94.9,88,51,17.3,17.8,16.6,15.2,18.3,18.5,17.8,15.6,83.4,67.2,53.2,56.5,52.2,45.3,62.4,64,59,50.6,74.4,68.2,66.5,66.8,58.8,196,27.9,40.6
22_M_0029,남,77,177.9,56,62.8,69.9,62.6,41.1,111.3,75.9,110.8,108,104.7,98.5,55.7,20,19.1,17.8,17.9,21.6,21.4,18.7,16.6,90.6,75.3,60.6,60.2,56.8,52.4,68.7,68.7,62.3,54.1,75.9,74.9,76,75.4,62.5,215.2,32.6,43.6
22_M_0030,남,76,193.5,46.7,71.2,82.3,78.6,61.1,115.4,85.5,111.8,111.3,104,91.7,43.6,19.7,19.6,17.6,17.3,20.8,21.4,19.6,18,92.6,72.6,57.8,59.9,53.3,49.2,64.6,67.9,63,56.7,79.9,77,76.4,77.1,66.6,226.7,33.5,45.4
22_M_0031,남,77,185.3,49.6,70.9,81.4,79.2,60.3,114,80.9,106.5,103.9,99.8,96.6,45.9,19,18.4,18,16.9,22,23,21.2,18.5,90.2,68.3,60.4,60.5,56.7,50.1,72.5,74.4,70.3,59,78,81,80.6,75.3,69.2,212.9,30.9,46.9
22_F_0032,여,74,176.9,55.2,68.2,76.9,69.6,55.8,109.5,70.4,101.6,100,97.9,82.4,52.9,16.5,15.8,15.7,17.6,17.3,19,18,16.7,78.7,62.2,50.1,50.9,47.4,56.1,60.2,62.3,59.2,56.4,65.9,65,67,67.2,56.8,195.5,28.2,39.6
22_F_0033,여,79,177.9,58.1,70.7,77,72.5,60,114.6,68.7,99.3,101,99.6,89.9,49.4,16.9,16.3,16.6,14.4,19,19,18.4,15.1,83,64.2,52,51.1,50.1,45.8,64.4,62.3,58.1,50.9,69.7,69.5,66.2,63.2,65.9,197.7,28.3,37.3
22_F_0034,여,70,168.9,48.9,68.1,73.9,71.4,57.5,98.6,67.7,94.4,95.1,91.7,85.1,46.2,16.1,16.8,15.7,17.3,18.3,19.6,16.8,17.1,81.3,60.4,51.2,53.8,50.9,50.6,59.8,63.1,57.5,54.6,65.3,67.4,66,65.5,61.5,195.7,28.9,42.8
22_F_0035,여,80,173.5,52.1,68,74.5,71.9,60,102.7,68.2,98.4,99.1,97.1,86,50,16.5,16.3,17.2,14.5,18.8,19.4,19.5,17.7,80,62.4,50.2,51.5,50.8,46.1,61.8,62,63.5,56.6,68.1,70,68.2,65.9,64.3,194.6,28.6,37.4
22_F_0036,여,78,177.3,48.3,71,80,72.1,58.6,106,75.5,94.9,97.3,95.8,89.8,42,15.9,13.4,15.4,15,17.9,17.1,18.4,15.4,84.1,60.7,50.2,48,47.6,45.4,60.3,60.3,57.5,50.5,62.7,67.8,65.1,61.4,57.4,196.8,26.8,38
22_F_0037,여,82,149.1,42.3,52.2,61.6,58.4,52.8,88.2,62.7,89.1,87.5,83.6,74.6,45.5,17.2,16.5,15.4,15,17.1,16.9,17.7,15.5,74.3,58.8,49.7,50.2,46.5,43.5,54.6,56.7,57.1,50.2,62.5,60.6,62.7,65.7,59,182,27.8,34.8
22_F_0038,여,83,176.6,51.6,70.2,77.1,72,58.3,107.8,71.3,100.3,99.6,97.9,90.4,46.6,15.6,15.8,14.8,16.2,17.2,18.4,18.1,17.1,79.6,59.7,48.6,50.9,46.9,46.9,58.4,61,58.9,54,62.8,63.1,61.2,60.3,56,192,26.5,35.5
22_F_0039,여,81,165.2,48.9,66.3,73.3,69.7,55.5,99.2,68.4,92.4,92.1,89.7,80.2,42.6,16.9,15.8,15.6,13.8,18.7,19.5,18.5,15.5,77,60.7,51.7,50.1,47.3,43.3,59.9,63.2,58.5,52.8,69.1,65.4,64.5,61.9,58.7,190.6,28.3,40.2
22_F_0040,여,75,173.7,50.8,66.2,78.4,73,60.1,103.8,70.7,97.7,95.5,92.2,82.8,50.6,16.6,17.6,17.2,15.7,18.7,19.4,18,16.7,83.1,67.7,52.9,55.9,53,48.3,61.4,65.5,60.6,57.4,71.7,71.9,71.8,70.1,65.4,203.1,32,40.6
22_F_0041,여,80,182.1,55.4,72,80.9,74.3,61.5,113.2,73.3,101.4,101.2,98.8,91.1,44.6,18.5,17.3,16,16.7,18.8,20.2,20.4,16.7,87.1,70.1,57.3,56.4,55.5,51.7,64.4,65.9,66.8,57.6,75.4,70.7,74.9,73.9,66.5,206.8,29.1,41.8
22_F_0042,여,81,167.3,53,72.3,75.6,64.9,53.3,104.2,68.8,89.5,91.7,91.3,81,40.5,18.4,18,16.9,14,18.7,20.9,18.1,15.8,79.8,69.1,54.9,55.5,51.5,44.3,65.2,66.7,60.7,51.5,71.8,67.4,67.9,65.7,57.8,193.9,28.4,40.5
22_F_0043,여,82,186.9,53.6,75.7,84,78.7,61.3,116.3,79,103.2,102.9,99.5,94.2,40.9,17.1,16.3,15.2,16.5,19.3,19.2,18.2,17.7,86.4,64.7,53.2,52.6,49.6,48.1,63.4,63.7,62.5,55,72.4,71.2,67.9,65.2,63.6,203.6,26.9,37.1
22_F_0044,여,80,171.6,45.8,71,78.7,74.2,58.7,101.4,73.3,90.5,92.9,92,87.2,41.8,15.9,15.4,15.3,16.1,17.7,17.8,18.6,15.2,81,65.7,49.8,50.1,47.7,48.5,61.1,63.1,61.9,52.7,60.9,65.3,61.8,64.5,60.4,197,28.3,39.8
22_F_0045,여,79,178.9,52.7,69,76.8,67.5,53.5,106.6,73.1,102.6,102,99.6,91.2,45.5,16.3,16.6,15.7,15.9,18.8,19.6,18.8,16.2,81.2,59.2,51.5,51.2,49,48.6,63.1,63.3,60.8,53.8,71,66.7,66.3,68.6,61.5,193.4,28.4,39.1
22_F_0046,여,70,163,46.6,61.1,69.4,68.2,46.6,95.5,66.4,94.5,93.8,89.9,84.8,46.9,17.6,16.6,13.1,15.8,18.2,18.2,17.4,15.4,78.1,62.4,53.4,55.1,43.9,46.8,57.5,60.4,57.5,50.5,60.8,63.4,64.5,61.2,57.5,186.9,27.2,38
22_F_0047,여,76,178.7,47.3,73.7,77,77.1,57.7,111.7,82.9,102.2,102,99.7,92.9,36,17.5,15.1,15.6,17.2,19.2,19.1,18.6,17.3,88.2,66,53.8,54.6,48.6,49.3,64,65.4,60.3,56.3,66.4,71.1,71,64.8,60.2,208.4,27.7,43.9
22_F_0048,여,75,169.3,48,64.3,70.5,68.8,52.5,103.9,71.4,98.3,98.9,93.5,88.4,46.4,17.6,17.3,15.3,15.3,20.5,20.1,18.3,16.9,83.4,64.1,53.7,55.8,52.6,47.8,65.1,71,63.6,55.5,68.1,71.6,74.4,69.5,65.4,197.9,29.4,41
22_F_0049,여,72,178.1,54.7,66.7,77.7,73.2,56.6,105.9,69.7,100.9,100.5,99.2,93.1,49.7,18,19,17.9,17.8,19.9,20.5,20.7,18.7,88.8,67.8,55.6,59.5,55.2,53.4,66.1,66.5,66,59.8,80.9,73.1,68.5,68.2,62.5,210,30,42
22_F_0050,여,74,171.6,50.8,64.9,72.3,69.5,55.7,104,69.1,99.9,99.3,93.9,88.1,47.3,15.5,15.3,14.7,16.3,16.2,17.8,16.3,16.1,80,64.3,48.3,48.6,46.9,48.6,55.8,58.9,56.6,52.7,65.6,62.6,60,64.3,58.3,190.3,26.3,36.4
22_F_0051,여,83,173.1,47.1,65.3,68.8,64.2,51.8,108.5,78.6,104.7,104.4,102.2,88.2,43.5,17.4,16.5,15.5,16,20.2,20.2,18.9,17.9,84.3,70.1,54.7,52.7,52.1,49.2,64.5,68.5,63.7,56.7,72.2,70.7,76.3,68.3,57.3,205.3,30.6,41.2
22_F_0052,여,75,176.3,52.5,69.9,76.4,68.7,56.9,106.2,74.3,100.9,100.1,98.6,93.6,47.1,17.8,17.6,15.7,16.3,18.5,18.7,17.4,16.7,84.7,63.3,53.6,54.3,50.2,49.2,63.7,65,58.8,56.1,71.9,71.4,71.1,68.6,67,200.9,27.3,38.1
22_F_0053,여,78,171,44.7,67.1,75.2,72.4,51.7,97.2,68.4,94.4,96,91.8,82.4,45.1,17.1,17.3,15.8,14.2,19,20.9,19.7,17.5,84.8,66,51.7,54.3,49.4,47.1,64.4,69.3,63.6,57.3,69.9,71.3,73.7,72.6,64.3,202.7,31,39.3
22_F_0054,여,80,170.8,41.6,64,72.3,71.8,54.8,98.7,75.4,100.2,98.6,94.6,87.3,44.3,17.3,16.5,16.2,16.6,17.3,18.9,17.7,15.4,80.4,63.6,52.9,50.6,49,48.8,58.2,59.2,57.8,50.7,64.5,67.2,71.6,63.8,56.3,190.8,27,38.6
22_F_0055,여,82,174.3,51.9,67.4,76.5,74.1,55.6,107.5,70.2,98.7,97.9,92.8,88.3,49,16.9,16.7,16.5,15.7,18.5,19.2,18,16.5,80.2,63.5,53.1,52,50.1,47,60.4,61.8,60.4,52.8,63,64.7,63.5,62.2,59.7,192,27.3,37.6
22_F_0056,여,77,170.1,52.8,66.5,73.7,67.6,53,100.7,66.6,96.7,96.4,95.7,85.3,53.5,17.4,16.8,17.1,16.4,19.4,21.3,19,16.4,81,65.4,53.5,53.4,50.8,47.9,61.9,67.4,61,53.8,66.1,67.4,66.6,65.1,63.3,196.7,29.3,40
22_F_0057,여,71,168.7,55.1,69.2,75.2,70.5,55.3,102.7,62.9,93,93.5,89.7,84,48,15.7,15.3,15,15.3,16.9,18.7,18.1,15.8,75.3,58,50.6,48.7,47.5,44.8,58.7,60.9,59.4,49.6,64.5,62.6,62,62.8,57.1,182.6,26.9,36.3
22_F_0058,여,79,173,47.6,63.5,72.9,66,52.1,99.1,69.2,101.8,100.2,96.4,88.6,53.5,17.9,17.8,16.3,17.3,19.4,20.1,18.5,17.1,81.8,65.1,54.1,53.9,54.8,52.3,62.4,65,60.8,55.1,65.7,66,66.6,65.1,59.1,196.7,29.1,41.2
22_F_0059,여,83,174.1,47.2,63.7,74.5,67.4,55.8,105.1,77,98.8,99.6,96,87.8,41,16.7,16.9,15.1,16,18.3,20.1,18,16.2,82.4,61.2,51,53.1,49.7,47.6,61,63.7,59.6,54.4,63.6,66.5,67.6,67.4,60.4,194.3,26.8,37.8
22_F_0060,여,81,170.2,45.6,66.2,74.7,68.7,54.5,101.5,71.4,96.3,95.5,92.4,82.7,42.6,16.4,16.5,16.6,17.1,18.6,19.2,17.8,16.1,78.5,61,52.1,52.7,48.8,49.9,60.6,62.8,60.6,54.1,66.8,64.9,66.1,65.5,60,189.1,27.5,38.6
22_F_0061,여,74,168.4,51.7,67.4,75,70.1,58.7,102,67,93.7,93.4,90.5,83,49.6,16.3,16.3,16.2,17.5,17.6,19.3,18.4,18.1,81.1,63,51.2,51.1,50.1,49.8,60,63.9,59.5,57,64.6,66.4,64,63.4,61.3,194.9,27.1,37.1
22_F_0062,여,73,181.8,50.8,72.2,81.4,72.1,52.5,112.7,77.7,101,100.4,98.1,91.5,44.7,19.2,17.6,16.5,16,20.2,21.8,18.5,17.5,87.5,64.6,58,55,51.6,50,66.2,70.3,61.5,55.2,68.5,70.9,69.2,68.7,58,207.5,28.5,41.4
22_F_0063,여,70,168,46.8,63.1,68.8,68.5,56,100.7,70.8,99.4,99.3,93.3,84.3,43.9,15,17.1,15.8,14.9,16.9,20.7,19,15.6,84.9,72.3,52.7,55.3,52.1,48.6,62.3,66.4,64.1,55.6,78,68.4,73.6,72.7,64.8,207.1,30,44.1
22_F_0064,여,81,180.6,50,68.8,79.2,73.3,61.5,108.2,68.2,101,101.4,99.9,94,46.9,19,18.5,17.1,17.2,20.2,19.4,19.2,16.4,85.3,74.5,59,58.1,54.8,52.4,66.5,69.5,67.9,59.7,75.4,71.1,72.9,70,68.4,200.5,29.5,42.8
22_F_0065,여,81,158.7,43.8,55.3,67.2,62,46.6,95.1,64.7,92.5,91.6,89.8,83.3,47,15.7,16,15.7,13.8,18.3,19.9,17.7,15.4,78.9,63.5,50.8,51.6,50,46.4,60.2,64.1,59.5,54.1,65.9,65.1,66.9,66.9,59.5,186.2,27,37.4
22_F_0066,여,75,175.5,50.6,67.6,78.3,74.6,60.7,105.3,71.4,99,97.3,91.8,84.2,48.1,17.6,17.2,16.6,17.3,18.7,19.4,18.2,17.8,83,63.2,54.6,55.5,49.8,52.7,61.9,62.9,60,56.7,68.3,73.7,71.6,68.7,66.8,207,28.6,40.1
22_F_0067,여,77,169.1,45.3,61.4,73.4,70.7,55.7,99.2,72.1,97.3,95.9,91.8,83.2,49.5,17.8,16.9,17.2,16.5,19.1,17.7,20.2,18.4,82,70.5,55.7,57.1,53.4,50.6,62.1,64.7,67.4,61.6,69.9,72.2,69.4,71.2,67.3,200.8,32.5,43
22_F_0068,여,78,178.1,46.2,70.3,77.3,73.2,50.4,99.4,69.4,101,100.9,96.9,92.9,48.3,18.7,18.1,16.8,16.7,19.9,20.5,18.1,16.4,86.5,70.4,52.8,52.8,49.7,46.8,63.2,65.3,61.8,52.9,77.5,70.1,72.6,68.9,60.5,200.9,26.1,38.3
22_M_0069,남,77,187.2,56,69.8,80.3,77.4,59.5,116.3,77.6,107.1,107.1,102.8,92.8,52.3,18,19.4,17.3,17.2,20.8,22.2,20.8,17.8,90,71.7,54.5,59.5,56.5,53.6,65,69.4,67.5,59.8,78.2,72.2,73.1,73.7,66.4,215.9,31.7,42.3
22_M_0070,남,78,181.2,48.6,65.5,75.1,69.9,55.4,112.5,80.4,106.9,106.1,105.3,97.4,45.9,16.9,17.7,17.6,17,20.4,19.9,20.5,17.3,93.5,68,53.3,57.3,55.7,52.2,63.4,64.9,64.2,58.3,72.4,74.4,73.3,71.8,63.5,218.6,29.5,43.3
22_M_0071,남,81,187.8,57.3,71.9,81.5,79.5,64.1,115.6,77.7,107.4,106.3,101,95.3,50.9,17.6,17.6,16.5,17.1,19.5,20,18.9,18,90,64.6,54.3,55.7,53.9,52.7,64.4,65.9,62.5,55.1,78,70.9,69.1,69.9,64,210,27.1,43.1
22_M_0072,남,75,183.8,50.9,72,78.8,74.5,53,112.9,80.1,105.3,105,99.8,91.1,47.2,17.7,18.1,15.9,14.9,20.8,19.7,19.4,16.2,84.7,65.1,57,56.5,53.2,49.2,65.7,65.6,63.3,53.7,72.8,71,70.2,68.1,59.3,201.6,29.5,42.7
22_M_0073,남,83,181.2,42.6,70.6,74.3,73.6,65,102.5,80,101.6,106.9,98.1,89.6,44.3,18.3,17.6,16.5,16.3,24,19.2,18.9,17.7,87.7,66.6,57.8,54.8,52.7,51.2,71.1,63.5,62,60.5,72.7,82.7,64.1,65.6,65,206.7,28.8,39.6
22_M_0074,남,79,172.3,47.9,66.5,74.1,70.2,55.8,106,76.1,98.4,98.2,93.8,86.8,50.2,17.7,18.9,16.5,17,18.4,20.8,19,18.1,89.3,71,56.4,59.3,54.5,52.2,63.7,69.2,66.6,59.9,74.1,76.3,76.4,76.5,68.3,214.1,32.5,45.9
22_M_0075,남,78,191.3,58.2,76.7,84.6,79.6,65.1,116.2,76.2,105.7,106.7,103.6,95.6,49.5,18.6,17.7,16.5,18.6,20.4,21,20.4,18.9,89.6,65.2,57.1,57.1,52.9,51.5,67.1,69.1,65.2,57.6,70.2,72.9,68.1,68.5,63,211.1,29.7,41
22_M_0076,남,83,175.1,51.2,66.8,76.6,71,61.4,110.5,77.2,99.6,98.5,95.2,85.9,44.9,19.2,18.4,18,18.6,19.4,20.6,20,17.8,86.7,69.6,57,58.2,57.7,54.7,64.7,67.4,65.6,58,73.3,70.7,70.2,69,64.4,207.3,30.3,42
22_M_0077,남,79,183.7,48.8,67.4,79.3,70.8,53.1,112.3,86.1,108.9,104.7,103,90.9,47.5,20.9,20.5,19.1,19.1,21.8,23.2,21.7,18.8,92.5,71.4,63,63.8,60.5,55.6,72.3,76,71.7,61.4,79.8,84.4,88.2,82.8,70.3,233.3,36.9,53.1
22_M_0078,남,75,180.5,47.8,66.1,75.8,69.1,52.2,110,77.6,104.7,104.7,101.3,94.8,51.1,18.7,20.3,15.9,17.5,20.4,23,16.8,19.6,94.4,78,59.3,64.6,56,50.4,73.1,73.7,68.5,57.5,82.4,82.4,83.8,77.2,69.5,222.3,31.6,46.5
22_M_0079,남,75,171.5,45.7,68.1,72.2,69.8,52.9,109.7,74.1,97.1,99.3,96.8,91.5,45.4,18.2,15.1,18.4,17.9,22.3,23.3,21,19.1,91.3,75.1,56.9,58.8,53.5,50.7,73.5,70.9,72.3,61.1,82.8,79.5,80.3,77.9,69.5,219,33.5,47.8
22_M_0080,남,78,194.3,51.7,74.9,83.9,75.6,56.6,116.6,84.2,110,110.4,107.2,102.6,45.7,18.6,18.8,16.9,14.9,20.3,21.6,18.8,18.2,91.9,66.7,57.2,60.5,54.3,51.7,67.8,69.5,63.3,61,74.6,73.9,71.4,69.1,63.2,214.3,28.3,45
22_M_0081,남,76,177.1,51,71.1,76.1,71.5,56.1,108.9,76.6,100.2,101,97.2,92.6,46.9,19.3,20.6,18.3,18.3,22.6,22.9,21.7,18.3,95.8,71.5,58.4,63.3,58,50.3,70.9,72.7,69,56.2,82.1,82.4,84.4,81,68.4,226.9,32.3,45.7
22_M_0082,남,83,168.4,43.9,63,69.5,66.4,55.8,104.4,77.2,99.1,99.1,96.9,86.6,41.9,18.3,16.7,15.3,14.6,19.5,20.9,18.7,18.1,82.3,67.5,56.7,53.8,50.2,43.9,65.6,67.7,62.9,58.2,75.3,71.1,72,68.8,64.7,201.3,29.1,40.6
22_M_0083,남,73,188.5,51.3,64,78.2,72.6,52.1,114.1,81.8,113.2,110.3,106.9,96.6,53.7,19.1,18.7,15.6,16.4,20,21.7,18.3,18,87.4,73.7,57.3,58.5,53.6,51.5,66.7,70.7,64.2,58.6,80.9,76.7,82.9,77.1,68.8,208.4,31.8,46.3
22_M_0084,남,73,182.7,50.6,67.5,78.2,76.3,53.3,108.6,77.7,105.9,104.8,98.9,96.1,50.8,20,18.2,18.6,17.6,21.2,19.9,20.8,17.7,87.2,72.9,60.7,60.7,57.1,53.4,67.2,72.5,68.3,58.2,72.1,75.8,72.8,75.6,66.4,213.7,32.4,42.6
22_M_0085,남,72,176.8,49.8,66.6,74,70.2,53.6,112.2,73.9,101.1,102.9,95.6,85.3,48.4,17.2,17.9,16,15.7,17.8,20.6,19.8,16.6,86,66.8,53.2,55.7,52.1,51,64.7,67.7,65.1,58.3,79.5,71.4,73,75.6,66.4,206.5,30.9,44.9
22_M_0086,남,81,177.7,54.6,72.4,76.2,69.9,52.2,111.3,67.9,96.2,101.5,99.7,95.8,45.2,16.1,17,16.4,15.7,17.6,19.7,20,16.3,89.1,68.6,50.9,54.7,52.4,46.5,61.9,65.7,63.4,50.8,70.7,74.5,78.2,78.6,64.8,209.3,29.3,44.2
22_M_0087,남,84,164.8,49,60.6,66.7,67.7,56.9,105.9,72.5,98.7,98.1,93.4,85.1,45.7,15.4,16.9,15.9,15,19.1,19.3,19.1,16.2,82.3,64.6,49.3,53.2,51.8,42.2,61.1,64.1,63.5,54.4,73,70.4,71.5,68.6,61.4,199.5,29.4,41.1
22_M_0088,남,80,167.4,46.7,63,72.7,68.4,47.3,106.6,78.6,96.1,94.7,91.7,88.6,40.6,18,18.5,17.3,15,18.4,21.7,18.7,16,90.4,67.3,55.7,60.2,55.5,45.2,63.1,68.5,65.9,51.3,71,70.2,75.9,76.9,60.4,211.2,30.1,41.2
22_F_0089,여,75,178.3,46.5,67.1,75.1,73.2,56.8,101.5,76.2,102.5,103.3,100.3,92.2,46.2,17.3,15.9,17,15.8,18.9,18.4,20.1,18.4,85.1,69.2,53.7,52.9,51.5,48.8,63.6,63.4,63.2,58.2,77.6,69.5,71.2,68,66.5,205.6,27.3,40.4
22_F_0090,여,75,170.9,51.7,66.6,73.9,65.5,49.4,101,61.8,94.1,97,95.2,87.2,53,16.4,17.2,14.7,14.1,19.4,19.7,18.1,15.5,82.6,63,53.6,54.6,48.4,44,63.3,64.4,58.7,52.4,73.8,70.9,74.4,68.4,66.7,200.3,30.6,42.4
22_F_0091,여,77,170.7,49.2,67.2,77.4,72.2,54.5,102.6,69.4,93,93.4,89.9,82.5,45.7,17.2,15.5,14.6,15.4,17.5,18.9,18.6,15.9,80.5,63.6,52.7,52.4,47.8,44.8,59.9,63,61.7,52.9,69.1,69.5,67.8,66.3,59.9,194.3,28.5,36.4
22_F_0092,여,75,174.1,51.8,69.8,77.3,74.2,54.9,103.2,69.9,96.8,96.8,95.4,89.7,46.6,17,16.3,15.5,13.7,17.8,19,18.6,15.9,83.3,58.3,50.2,51,48,43.2,58.5,62.1,58.3,51,67.1,65.7,64.3,63,52.4,196.8,27.1,37.7
22_F_0093,여,74,167.8,49.7,65.4,72.5,69.8,50.5,103.2,66,93.5,95.4,92.9,86.4,46,17.3,15.5,14.2,12.4,17.9,18.8,17.4,14.7,80.4,60.5,51.2,49.2,46.5,42,60.1,62.2,58.6,46.8,65.1,63.4,62.6,61,53.3,190,26.4,36.9
22_F_0094,여,83,164.9,45.9,63.2,69.7,65.5,52.9,102.7,69.8,94.5,95.2,92.5,85.5,44,17.3,15.9,14.9,12.2,17.4,18.2,17.5,14.5,77.3,62,52.7,52.4,50.2,41.6,60.1,60.9,57.7,50.7,68.1,67.9,67.8,65.9,60.9,186.2,27.8,39.3
22_F_0095,여,80,170.8,48.7,65.3,69.1,68.3,52.8,103.8,73,99,101.7,99.3,89.8,49.5,17.2,16.9,14.3,15.6,19.6,19,16.5,15.4,83.7,68.2,55.3,54.9,50.3,51.9,65.6,67.2,60.2,55.4,72.2,74.3,72.1,71.2,62.8,200.9,31.4,40.1
22_F_0096,여,72,169.2,47.5,63.7,70.1,65.3,50,105,72.7,99.6,99.1,96.5,91.9,45.8,15.9,16,15.5,12.1,18.6,18.3,17.9,14.1,81.8,64.8,51.1,52.5,47.5,40.7,59.1,62.5,57.5,48.9,66.5,67.6,65.7,63.4,56.6,191.4,27.4,38.7
22_F_0097,여,81,175.2,48.2,70.7,78.7,71.9,60.3,107.4,71.8,95.5,96.6,96,87.5,46,18.4,17.9,16,12.8,21,20.9,19.2,16.8,89.3,67.2,55.7,55.5,52,43.3,68.7,69.2,63.5,59.7,75.2,73.2,70,68.1,67.7,211.2,29.8,42.1
22_F_0098,여,74,165.5,53,72,73.3,76.1,52.7,103.2,64.8,86.1,92.3,80.4,71.1,39.2,15.9,16.8,15.7,14.9,16.2,17.5,16.1,14.8,74.3,59.9,49.3,52.2,48.5,47.3,57.9,58.1,55.7,52.2,61.1,63.5,61,56.7,54.1,184.3,26.9,35.3
22_F_0099,여,79,173.8,52.1,64.7,74.3,69.8,56.4,105.8,66.2,99.8,99.6,96.4,89.6,49.5,16.4,17.1,15.5,13.9,17.3,17.9,16.3,16.1,82.8,61.3,52.9,55.4,48.6,44.4,58.4,59,56.5,52,67.5,64.5,61.8,62.5,58.9,197,27.6,37.6
22_F_0100,여,75,166,44.2,55.6,68.9,69.4,56.4,93,67,97.5,97.2,93.1,86.4,45.6,11.3,17,14.9,14.6,14.4,20,17.6,15.3,80.9,68.1,48.7,53.7,48.4,47.9,57.6,64.3,58.1,50.3,75.1,65,64.9,65.3,60.3,188.3,25,35.1
22_F_0101,여,72,167.9,51.7,65,69.4,66.2,52.2,109.9,69.3,96.5,98.5,96,87,44.9,15.7,15.2,14.8,12.5,18.6,17.8,16.8,15,78.6,62.1,50.2,50.6,49,43.9,59.7,60.3,55.9,51.6,65.7,63.7,67.2,64.6,60.9,187.5,26.8,38.2
22_F_0102,여,83,171,55.1,68.1,74.3,68.2,57.5,105,65.1,95.1,96.9,94.4,87,49.5,15.9,16.4,13.7,14.7,17.4,18.6,16.8,15.4,81,63.6,50.6,48.9,46.7,42.8,60,61.7,59.7,50.3,71.1,64.1,63.1,64.2,62,194.5,28.4,36.6
22_F_0103,여,82,162.7,48.5,66.4,72.5,67.1,49.8,102.3,66.4,89,90.4,90.2,85,43.3,16.3,15.4,14.9,13,17.6,18,17.5,14.6,83.1,62.5,51.4,51.6,46.9,43.9,58.6,60.3,58.8,50.6,69.4,65.9,66.1,63.5,61.1,192.7,25.9,35.9
22_F_0104,여,74,174.9,54.6,64.9,73.7,75.2,55.1,106.8,69.1,101.3,101.3,93.8,86.7,47,17.5,18.2,17.4,16.7,20,20.6,20.2,17.4,84.1,63.7,52.9,55.9,54,51,62.3,64.2,65.4,56.4,68.2,69.1,68.2,69.1,64,207.1,28.6,40.6
22_F_0105,여,70,161.9,48.2,58.6,65,62.8,48.7,100,67.9,96.9,97.2,91.9,84.1,47.9,16.4,15.5,14.9,12.2,16.9,15.2,17.4,15,76.7,59.3,49.3,48.3,47.2,42.6,55.7,56.8,55.8,49.7,66.8,62.6,59.8,59.8,58,184.4,24.5,36.8
22_M_0106,남,77,197,52.6,76.5,88.5,83.4,63.9,111.8,78,109.9,108.6,102.1,92.3,59,18.7,21,19.3,19,22.5,23.2,22.4,19.9,94.7,69.4,60.7,63.6,60.1,56.4,73.8,76.2,73.1,63.2,74.8,80.4,87.5,76.5,69.7,232.6,33.9,43.4
22_M_0107,남,77,185.4,54.5,74.4,82.3,74.1,54.6,116.2,79.3,102.6,103.2,99.2,90.7,53.3,18.3,19.2,17.5,17.3,21.6,24.3,20.4,18.2,89.8,72.1,57,60.1,57,55.9,71.1,76.6,72.2,62.4,82,87.5,85.2,82,73.8,225,36.7,48.3
22_M_0108,남,77,169.3,48.8,62.6,71.4,72.5,59.8,104.4,73,100.1,98.2,94.6,87.6,46.8,16.6,18.9,17.8,15.9,18.7,21.1,19.3,17.4,83.5,69.3,55.3,58.6,55.5,50.4,64.8,68.7,65,57.2,76.7,69.9,74.3,67.1,63.8,203.9,30.1,41.3
22_M_0109,남,80,165.5,44,64.7,72.7,68.3,55.7,97.6,69,91.9,92.9,89.5,79.8,41.9,17.9,17.3,17.2,15.4,20.6,19.7,20.6,17.3,83.7,67.4,57.1,57.1,54.4,51.6,67.4,67.1,65.7,59.9,69.6,71,69.1,70.1,66.6,208.1,33.7,42.1
22_M_0110,남,81,165.5,45.6,64.5,73.2,73.6,56.3,92.9,66.8,92.9,92.4,88,83.9,44.9,18.3,19.4,18,17.6,19.6,21.5,20.6,18.8,90.4,68.6,55.5,60,57.4,54,66.1,69.6,66.6,62.2,68.7,75.6,73.6,71.8,66.7,221.1,33.2,41.5
22_M_0111,남,81,181.2,50.3,68.8,75.5,70.7,57.3,109.7,77.6,103.8,106,101.4,91.6,52.3,18.5,18,18.3,16.8,21.1,21.9,20.1,17.4,86.2,68.5,55.8,58,56.6,50.9,67.7,69.6,66.2,60.4,77.9,81.3,84,78.6,72.1,214.7,33.1,45.5
22_M_0112,남,83,179.5,48.1,69,77.8,73.6,62.3,108.2,78.1,100.6,101.6,97.4,91.4,44.3,18.4,18.8,18,17.9,22.1,22.7,20.8,16.8,86.6,69.2,55,57,54,51,70.1,71.5,67.6,61,76.7,81.7,84.7,76.7,69.5,213,32.3,43.9
22_M_0113,남,83,173.1,54.2,69.7,80.5,75.8,63.5,106.8,70.7,93,92.6,90.2,84.5,41.2,18.9,19.8,18,17,21,22.1,21.1,17.8,89.4,66.5,55.9,61.5,54.7,52.7,67.8,72.1,70.8,61.8,71.1,80.7,83.8,70.9,65.4,223.6,32.7,44.5
22_M_0114,남,75,174.2,54.2,74.9,77.6,71.7,54.1,110.4,73.6,94.2,96.7,92.9,84.3,46,19.6,17.4,18,14.5,21.1,20.7,20.2,16.2,85,68.9,59.7,57.4,55.4,45.1,69.7,68.3,67.4,53.6,73.3,77.5,68.5,68.4,57.9,207.8,31.2,42
22_M_0115,남,79,176.6,53.4,68.6,71.4,72.8,65,111.2,76,102.1,105.2,98.2,87.7,49.8,17.4,17.7,15.4,15.1,19.4,21.2,18.3,17.8,83.8,68.1,54.5,58.9,52.3,45.3,66.1,70.3,62.9,58.5,71.5,77.3,74.9,69.1,65.6,204.7,30.6,44.4
22_M_0116,남,82,182,51.2,71.9,82,78.2,61.3,109.6,76.4,97.9,100,95.3,85.8,43.2,17.6,17.9,17.8,13.6,19.7,20,18.7,15.7,84,67.8,53.4,55.5,52,43.7,64.8,66.9,63.9,57.2,70.9,73.9,69.7,69.8,66.8,206.8,30,43.8
22_M_0117,남,75,184.8,57.9,76.1,82.7,77.1,63.4,113.8,77.6,100.1,102.1,96.2,88.1,47.4,19.5,19.7,18.2,17.5,21.4,22.5,20.7,17.3,87.9,72.2,59.6,61.1,58.4,55.5,69.6,72.1,73.8,64.6,80.7,76.9,72.6,75.9,64.5,214.3,32.3,43.4
22_M_0118,남,75,186.9,54.7,71.5,82.6,78.8,63.2,112.9,76.7,105.9,104.4,100.2,94.7,51.3,18.4,17.8,17.2,15.9,18.8,20.9,20.8,16.6,84.7,67.3,52.6,55.4,53.2,45.4,63.4,67.7,65.3,56.2,77.2,68.5,77,66.2,59.6,205.2,29,39.7
22_M_0119,남,78,176,54.4,73.4,81.6,78.5,57.9,109.5,75,94.8,94.5,88.9,81.7,46.2,18,18.9,17.8,16.6,22,22.4,20.4,17.6,88.8,67.8,56.2,59.8,55.7,50.7,71,74.2,73.4,58.8,72,84.1,85.1,78.7,65.8,223.5,37.7,45.2
22_M_0120,남,72,172,53.9,68,73.9,72.2,58.1,104.7,69.2,98,98.1,93.8,86.9,56.6,18.2,17.2,16.3,15.7,20.3,20.7,19.2,17.1,85,71.5,56.3,57.5,54.3,48.3,68.6,68.2,65.5,54.3,75.2,80.5,74.2,69.5,64.8,211.1,35.9,45.7
22_M_0121,남,74,176.3,55.4,70.1,75.3,70,55.2,112.1,72.7,97.5,101,97.8,88.8,51.9,18.5,18.9,18,16.5,21.3,21.6,18.4,17.8,85.2,69.3,57,59.7,57,50.4,69.2,70.3,65.1,58.4,75.8,83.4,80,76.1,69.4,211.1,34.8,45.2
22_M_0122,남,80,176.3,51.7,71.1,78.8,73,59.7,102.7,70.9,96.9,97.5,92.5,85.9,48,17.7,18,16.3,13,19.7,20.4,19.8,15.6,92.3,64.3,54.8,55.4,51.9,41.7,65,64.5,64.2,54.5,74.2,75.6,74.9,73.7,65.8,222.3,31.7,39
22_M_0123,남,77,186.4,58.7,78.7,82.5,77.2,66.6,115.9,75.3,101.8,104,100.8,92.5,50.8,17.7,17.5,17.6,17,21.2,21.6,20.6,18.6,88.5,68.6,56.5,57.2,55.8,48.8,71.1,71.4,66.8,58.5,78.9,85.5,77.9,78.8,66.2,217.3,32.7,45.9
22_F_0124,여,78,166.4,50.8,64.8,70,69.7,56.3,103.4,72.2,94.2,96.5,91.6,82.5,44.1,18.6,17.3,16.8,16.5,19.5,20.8,19.4,17.9,83,67.5,56.2,56,53.6,49,65.7,69.5,65.5,56.5,66.3,67.1,65.1,65.5,58.9,203.8,31.4,39
22_F_0125,여,80,161.5,48.2,62.7,69.9,66.4,52.5,94.5,67.5,92.5,91.6,88.3,81,47.5,18.2,18.5,14.1,15.9,18.8,19.8,17.1,15.9,81.7,65.7,57.9,59.4,53.6,52.1,63.2,64.9,60.8,53.2,72.8,70.1,70.5,66.9,61.6,195.4,26.6,39.9
22_F_0126,여,78,159.6,47.2,64.8,73.3,70.1,49.4,100.7,68.1,86.2,86.4,82.2,76.4,39.7,17,17,15.1,17.3,18.2,19.8,17,16,75.4,61.1,53,52.5,50.7,49.1,60.9,65,57.5,51.5,65.2,69.4,66.3,60.6,57,191.8,28.7,37.6
22_F_0127,여,76,175.3,52.9,73,81.4,75.9,60.5,104.8,69.2,92.6,93.9,89,84.2,43.7,17,17.8,16,16.4,20.5,20.3,18.2,17.5,84.1,64.8,52.5,54.6,49.8,49.8,65.9,65.3,62.8,56.9,69.4,74.7,69.7,65.4,61.2,205.4,31.4,40.5
22_F_0128,여,76,161.8,47.8,67.7,73.9,71.8,59,99.5,68.1,86.8,88.1,82,72,42,16.8,16.7,15,15.2,20.3,20.4,18.3,17,77.9,59.8,50.4,51.9,50.2,46.9,63.7,66.5,62.2,55.7,64.2,73.9,68.3,66.2,62,198,30.8,39.7
22_F_0129,여,72,159,46.5,65.7,69.1,65,51.1,90.6,62.8,87.2,90.1,84.3,74.9,42.7,15.6,15.3,15.2,14.8,17.5,17,16.8,14.2,75,60,48,49.2,47.2,44.1,57.6,58.4,57.8,51.9,68.7,67,61,61,56.2,191.5,28.9,36.6
22_F_0130,여,77,159.3,46.1,64,74.4,71.5,57.4,92.9,66,86.4,84.9,81,75.8,40.3,16.6,18.1,15.9,15.7,19.2,19.2,17.9,16.4,80.6,63.9,51.6,56.8,50.9,48.2,63.1,65.4,64.1,54.2,73.8,75.4,79.2,71.9,66.7,201.5,31.4,42.2
22_F_0131,여,79,167,51.9,66.4,72.8,71.3,57.1,103.9,70.4,92.5,94.1,89,82.7,46.6,17.7,17.7,17.5,15,20.6,20.3,20.3,16.9,82.8,59.9,51.3,53.9,50.1,41.8,63.8,64.5,64.9,53.3,69.3,75.4,72.4,71.4,65.4,199,28.4,37.9
22_F_0132,여,77,156.9,45.9,62.9,69.8,65.1,49.9,96.2,66.2,87.1,87,81.3,71.2,39.8,16.1,17.5,16.9,16.9,19.4,20.2,19.8,17.3,81.6,66.5,53.1,56.4,51.5,55.9,62.1,64.3,62.2,60,70,71,75.4,72.5,65.4,202.9,32.6,40.4
22_F_0133,여,82,164.6,47.8,65,71.9,65.5,53.7,98.3,66.3,91.6,92.8,89.7,81.6,43.5,16.6,16,15.3,15.5,18.6,19.2,18.1,16.1,77,60.8,51,51.1,50.5,44.8,62.3,64.9,60.8,51.9,66.6,69.2,66.5,63.1,61,190.6,30.3,39.2
22_F_0134,여,80,175.8,48.3,70.5,78.4,75.9,66.6,96.8,67,96.8,97.4,90.9,80.1,45.8,17.4,16.1,15.6,16.5,20.3,19.9,19.2,16.8,80.1,60.7,52.3,52.7,51,49.6,63.8,63.4,63.2,57.9,68,73.5,74.3,67.6,64.1,196.3,29.4,39.4
22_F_0135,여,81,179.6,48,76.3,83.1,78.3,60.5,107.4,75,94.7,96.5,89.3,82.8,40.3,18.8,18,18.2,17.4,20.8,22.1,19.7,19.1,84.6,66.3,57.7,56.5,53.6,51.6,68.5,71.4,66.7,63.4,72.7,74.2,72.7,67.1,69,208.5,31.5,41.9
22_F_0136,여,72,164.4,52.7,65.7,75,75.2,61.8,102.4,66.5,91.8,89.6,85.5,79.7,44.7,17.1,17.2,15.1,15,19.4,19.3,17.5,14.7,80.4,63.9,53.2,52.9,51.2,44.9,60.4,63.6,60.8,51.8,68,66.9,68.9,66,65.1,199.6,28,36.9
22_F_0137,여,84,175.1,49.9,72,80.3,75.8,63.6,100.8,71,90.6,94.9,92,85.8,40.1,16.2,16,15.2,14.6,19.3,19.5,17.9,16.5,85.2,54.7,50.2,51.1,48.7,43,60.8,62.2,61.4,52,62.7,70.6,62.8,62.5,59.7,201.2,29.2,36.7
22_F_0138,여,73,167,53.1,73.6,74.9,74.6,58.5,102.9,68.2,88.6,92.3,85.9,81.1,45.3,17.8,17.3,14.2,16.6,19,19.4,17,17.1,80.7,67.5,55.9,56.7,48.9,48.6,64.7,64.1,61,55.3,72.4,71.6,65.4,62.7,61.2,203.3,30.3,38.7
22_F_0139,여,77,176.6,50.7,73.2,77.2,75,60.5,102.6,72.2,95.7,99.4,95.7,87.6,48.9,19,18.3,17.3,15.5,20.6,21.2,19.3,17.2,86.8,65.7,58.4,57.9,55.6,47.7,69.3,69.7,66.2,56.6,75.9,75.8,76,74.1,66,215.5,34,44.5
22_F_0140,여,83,173.3,49,68.8,75.8,73.9,64.1,102.3,71.1,96.7,97.5,90,82.2,44.5,17.5,17.9,14.1,13.7,19.6,18.4,17.2,16.1,83.9,61.7,52.2,54.9,47.4,43.5,63.2,64.1,58.1,54.4,70.2,72.8,73.9,72.4,64.8,206.7,29.9,37.1
22_F_0141,여,84,165.7,47.9,70.9,75.4,72.6,57,100.9,70.2,89.9,90.3,86.6,81.1,43.1,16.5,16.1,15.8,13.2,19.7,19.1,18.3,15.1,83.8,61.6,52.3,52.9,51.4,43,66.4,64,63.8,54.3,70,80.9,72.5,67.7,63.5,202.6,29.8,40.6
22_F_0142,여,83,170.4,52.3,71.1,74,72.3,58.5,106.7,71.7,93.9,96.3,90.9,83.2,45.1,19.1,18.9,16.6,16.5,21.3,19.7,17.7,16.5,83.4,70.1,57,57.5,55.3,46.8,68.1,66.2,61.9,54.1,77,78.1,75.3,70.5,64.3,207.3,34.5,42
22_F_0143,여,80,182.5,57.1,78.8,84.9,84.6,68.5,108.4,72.4,94.4,97.6,93.8,88.8,46.4,17.1,17.9,18.1,16.2,22.2,21.1,19.6,17.2,86.1,73.6,54,56.3,55.2,49,69.8,71.2,66.9,55.3,71.4,73.6,70.3,68.4,69.4,213,32,40.6
22_F_0144,여,79,179.9,56.7,73.9,85.5,81,62.7,106.5,66.1,95.4,94.6,91.6,83.2,50.9,16.7,17.3,16.9,14.9,19,20.1,18.9,16.1,75.4,64.9,52.8,54.9,52.1,43.5,66.7,68.7,64,52.1,69.5,72.2,76.4,67.5,59,195.8,31.9,36.3
22_F_0145,여,77,165.1,53.4,69,75.8,69.2,55.1,94.3,61.8,87.8,89.3,85.1,78.3,47.8,18,16.5,15,15.5,19.4,18.7,17.1,17.3,77.8,64.5,54.3,51.6,47.2,43.8,64.1,61.5,57,51.8,68.2,70.4,65.6,63.1,61.9,192.6,29.6,38.2
22_F_0146,여,80,175.5,49.6,73.7,81.5,77.9,57.2,96.6,68.5,91.6,93.9,90.2,82.9,47.6,15.5,16.2,14.8,15.7,18.4,19.5,17.8,15.7,84.4,63.5,50,51.4,50.5,47.2,63.1,66,63.5,50.3,72.8,72.7,67.2,65.6,59.5,207.5,31.2,39.4
22_F_0147,여,81,170.8,52.2,67.3,75.9,69.5,52.3,103.3,71.3,97.1,95.8,91.7,82.6,48.2,18.8,18.5,17.3,11.6,20.6,19.8,19.4,16,86.5,68.7,58.6,58.3,58.7,47.9,69.3,73.7,69.6,62,72.7,74.3,71.7,68.3,66.4,212.6,32.9,39.8
22_F_0148,여,74,172.3,52.7,69.1,78.3,74.5,59,106.6,68,95,93.9,88.1,83.2,47.3,17.4,17.5,15.8,14.8,19.7,19.7,15.7,16.4,77,61.6,53.3,53.6,49,42.5,62.2,64.2,61.3,51.4,66.1,66.7,67.5,61.4,61.5,189.9,29.5,37.9
원본파일누락,,,,,,,,,,,,,,,,,,,,,,,,,,,,,,,,,,,,,,,,,
22_F_0150,여,72,180.6,55.3,79.3,85.7,82.1,62.4,111.5,71.2,94.2,94.9,87.7,80.2,48.1,15.8,16.6,16.2,14.5,19.7,19.7,19.7,16.1,81.9,63.8,51.6,53.4,50.8,45.5,62.8,64,63.7,52.4,70.1,71,66.1,65.4,60.5,201.3,28.5,38.1
22_F_0151,여,75,157.4,48.3,65.2,72.4,69.2,54.6,92,63.4,86.1,85.1,80.5,74.1,46.7,16.4,15.7,14,13.4,18,17.2,15.3,14.7,77,56.3,52.5,49.3,46,41,59.4,58.9,55.4,47.5,62.9,67.5,66.5,60.8,55.9,189.8,28.4,37.1
22_F_0152,여,75,158.6,47.6,61,68.3,67,52,94.9,64.3,90.6,90.3,84.8,78.6,49.7,17.2,16.3,14.4,14.7,18,18.4,17.8,15.7,76.6,60.4,51.8,50.1,45.6,45.9,58.4,60.4,58.2,51.5,68.5,69,70.4,69.1,62.9,185.5,29,37.2
22_F_0153,여,80,177.1,53.9,76.3,86,80.4,55.7,105.4,70.1,92.6,91,88.9,81.1,44.9,17.7,17.8,17.4,16.8,20,20.8,17.8,17.8,85.8,68.5,53.9,56.2,55.1,50.9,66.4,68.8,65.7,55.5,74.9,74.4,73.7,68.1,66.8,209.1,31.3,42.5
22_F_0154,여,73,167.5,52,69.6,73.8,70.2,59.1,104.3,68.2,93.1,93.7,91.5,80.6,49.1,15.3,15.6,14.2,15.8,17.3,18.7,16.3,17.2,76.9,63.4,47.9,49.8,47.5,46.9,60.1,61.9,58.2,56.9,65.9,67.7,69.1,63.3,65.2,193,28.3,36.6
22_F_0155,여,73,175.4,57.7,76.2,82.6,83.5,66.6,111,70.1,92.4,92.9,88.4,82.4,43.1,15.4,15.2,14,15.3,17.8,18.6,16.3,16.2,75.2,60.8,50.2,51.7,46.4,46.5,60.1,62.5,59.5,54.6,64.8,69.2,67.2,65.5,59.4,190.9,29.2,37.2
22_F_0156,여,75,161.8,49.6,63.5,74.8,71.1,59.6,94,60.7,86.1,87,82.8,73.5,45.6,16.1,16.7,15,13.7,18,19.7,18.1,14.6,76.7,57.6,49.7,52.2,49.1,46,58.4,63.3,60.4,53.3,64.6,66.7,67.7,63.5,58,188.1,29.1,38
22_F_0157,여,73,162.1,48.6,69.3,76.8,71.6,55.1,99.5,67.6,86.3,85.4,84.1,78.8,44.6,17.3,16,15,15.8,19.8,19,19.6,17.1,77.5,62.8,54,53.2,49.8,51.5,64.9,66.9,64.1,57.8,64.5,69.4,73.4,65.1,64.2,193.5,30.6,39.6
22_F_0158,여,72,171.7,49.3,72,77.6,81.6,61.9,101.9,71.2,91.8,94.4,85.9,80.4,37.5,17.2,16.8,17,15.5,20.4,20.7,18.1,17.1,83,68,54.2,54.8,53.3,51.3,66,69.8,67.8,56.3,70.8,74.4,73.7,69.7,65.2,202.7,30.1,40.2
22_F_0159,여,80,172.4,53.6,67.8,77.1,74.6,57.8,107,71.7,96.1,95.3,88.7,79.9,45.2,19.1,18.2,17.7,16.4,20,21.5,21.5,16.4,83.2,70.3,60.7,60.6,55.5,49.3,66.5,69.1,66.6,58.1,79.2,73.6,77.2,75.4,68.8,205.9,31.7,40.7
22_F_0160,여,70,163,49.4,64.5,72.5,70.9,58.3,99.2,67.7,90.5,90.6,83.2,76.2,45,16.9,16.8,14.5,13.2,18.8,20,17.9,15,78.7,60.3,54.3,52,47.5,41.9,65.7,67.4,59.7,51.7,67.9,67.2,66.3,64.8,56.7,194.4,29.7,38
22_F_0161,여,84,167.3,45.7,64.7,75.6,67.7,59.3,93.9,71,94.6,92.1,90,79.2,32.3,17.6,16.1,14.6,16.5,19.1,17.9,17.9,16.3,81.5,58.2,56,53.7,48.4,49.7,61.6,62.6,59.5,58.3,72.2,72.3,70.5,63.1,66.3,203,27,35.7
22_F_0162,여,80,170.2,42.7,56.2,64.4,64.2,58.5,93.6,73.1,105.6,105.8,100.1,84.3,52.8,20.6,19.4,19.5,19.3,19.5,20.3,20,20.1,88.3,66.1,60.5,61.5,58.8,58.3,63,65.5,64.4,63.2,73,71.6,75.7,75.4,75.6,216.1,29,41.6
22_F_0163,여,72,161.6,49.9,60.3,64.2,65,50.1,95,64.6,94.4,97.4,89.9,83.3,49.4,16.6,16,16.8,17.1,21.5,17.3,18.4,16.4,80.3,63.6,51,51.4,50.3,49.5,63.9,60.3,61.1,53.8,73.1,72.7,63.6,62.9,58.1,188.8,26.2,36.6
22_F_0164,여,79,177.8,56.1,66.8,73.5,67.7,56.6,108.4,71.3,102.1,104.3,98.3,84.9,52.6,20,18.2,16.5,16.5,18.5,19.5,20,17.6,83.4,70,58.3,56.1,52.1,52.5,64,65,69,58.6,71,69.5,70.8,74.9,62.9,201.5,29.9,39.9
22_F_0165,여,73,164.7,49.9,62.2,59.8,61.5,56.2,101.9,68.2,98.6,104.9,95.9,80.9,46,16.2,17,15.9,17.1,18.6,18.5,18,16.5,77.6,62.4,51,51.9,48.2,48.4,59.3,58.2,56.7,55.3,63.4,69.7,65.7,62,61.2,192.9,28.6,36.8
22_F_0166,여,74,171.4,56.2,64.5,72.6,67.7,54.6,103.5,66.6,99.9,98.9,92.8,82.6,55.5,17.8,17.9,16.9,16.3,18.9,20.2,19.5,16.7,81.9,63,51.9,55.4,52.8,48.6,59.9,65.1,62.5,54.5,76,68.6,67.3,72.8,60.1,199.1,28.6,37.9
22_F_0167,여,82,175.5,51.7,74.5,81.8,75.2,58.3,105.1,71.3,94,94,93.1,86.9,44.6,17.6,17.3,17.4,16.8,19.2,20.1,19.4,17.2,85.1,65.3,52.4,54.1,52.4,48.9,64.4,68.1,66.2,58.5,64.4,68.7,67.9,66.5,62.9,202.2,29.5,38.9
22_F_0168,여,80,168.5,45.9,60.2,61.1,60.3,44.8,100,73,101.4,107.6,102.1,96.4,45.1,17.4,17.4,16.9,17.1,18.3,18.8,18.9,17.4,92.6,64.5,51.9,51.6,49.5,49.1,62.2,64,63,57.3,73.4,75.7,75.3,77,71.5,211.3,26.9,37.8
22_F_0169,여,82,163.2,47.2,57.3,68.5,67.3,57.5,89.8,65.4,96.8,95,88.8,77.7,51.9,17.8,11.8,16.6,17,18.5,15,19,17.4,77.5,67,54.5,48.5,49.4,50.9,58.9,58.5,60.7,59.7,66.2,65.9,63.9,63.9,63.3,190.4,28.3,37.6
22_F_0170,여,81,156.4,48.5,62.6,64.6,62,50.5,97,67.6,87.9,91.9,90.9,82.1,39.3,15.5,14.7,15,16.2,18.3,17.5,16.6,17.1,80.5,59.6,48.1,49.3,46.3,49.3,58.1,56.5,53.7,54.6,69.8,67.2,65,64.8,63.5,193.5,23.8,39.3
22_F_0171,여,84,168.2,42.6,68.5,75.5,73.5,54.1,92.4,69,92.7,92.8,90.3,86.3,43,16.5,16.2,15.9,15.9,18.3,18.9,18.3,17.7,85,62.4,52.5,52,49.3,45.5,59.6,61.2,59.7,54.2,73.4,67.1,65.7,64.1,60,197.6,26.8,40.9
22_F_0172,여,81,170,44.2,63.3,64.1,61.2,54.6,103.2,76.2,103.6,105.9,97.8,83.5,46.1,16.7,16.7,16.3,14.5,18.7,17.5,17.1,16.6,78.6,60.5,51.7,53.4,49.2,45.7,59.1,57.3,57.8,54.1,66.9,67.9,65.7,63.6,58.9,197.1,25.8,37.5
22_F_0173,여,79,171.9,47.3,70.4,77,72.2,61.5,98.8,73.1,91.6,94.9,90.9,83.9,41.9,19.3,18.7,18.7,18.7,20.9,21.3,21.4,19.6,88.2,69.9,59.3,59.1,57,56.1,68.5,70.3,70,62,72.9,77.8,74.5,74.4,68.1,221.5,27,41.6
22_F_0174,여,76,162.9,42.3,62.2,68.8,62.7,53.4,93.5,70,89.6,94.1,92.8,79.5,40.7,16.7,16.3,15.3,15.5,19.8,18.9,18,16.4,69.9,59.5,51.8,52.6,50.3,50.2,63.8,62,61.7,55.5,66.7,79.5,73.4,74.4,67.6,193.5,25.6,39
22_F_0175,여,72,168.2,49.9,68.6,72.4,71.2,56.1,99,68.4,91.2,95.9,90,79.4,42.6,16.8,17.2,15.8,16.3,19.1,18.3,18.4,15.8,76.8,63,51.6,53.3,50.6,48.1,61.3,61,59.3,49.4,74.8,75.5,67.3,65.2,63.3,195.8,29.4,38.1
22_F_0176,여,81,162.5,57.6,62.7,66.7,69.4,54,105.5,68.6,93.6,95.7,91.2,84.5,47.3,14.7,14.9,15.7,14.8,18.1,18.1,17.3,17,81.5,61.2,54.4,52.6,52.1,46.4,63,59.7,59.5,51.9,73.8,77.5,65.7,67.1,63.9,192.1,24.9,36.5
22_F_0177,여,75,173.6,51.7,65.7,74,71.4,60.6,101.9,68.7,98.5,99.7,94.2,85.6,48.7,17.4,18.6,18.1,17.1,20.9,20.2,20.3,18.2,84.4,65.1,55.2,57,52.8,52.1,62.6,64,63.6,59.4,72.6,71.3,73.6,72.6,69.3,203.9,31.2,41.5
22_F_0178,여,79,193.3,56.9,77.9,80.7,81.1,65.5,116.3,77.7,107.6,112.9,103.6,97.1,48.3,18.5,16.7,17.3,18.8,20.9,19.2,20.5,18.9,89,68.3,56.7,55.6,54.7,53.7,69.2,66.7,66.3,61.8,72.3,75.6,70,73.1,65.3,210,28.5,42.2
22_F_0179,여,70,176.2,54.4,71,78.3,72.4,61,103.8,69.9,96,98,94.5,87.3,48.5,17.6,18.8,18.1,18,19,20.8,20.2,17.9,85.9,67.6,53.3,58.3,54.3,52.5,63.3,67.2,64.1,57.9,78.3,69.6,66.9,66.5,62.1,209.5,29.8,41.2
22_M_0180,남,77,176.8,50.5,75.4,78.4,76.5,52.6,107.3,73.3,98.1,98.5,92.6,84.2,44.6,20,19.7,17.7,16.7,21.3,21.3,19.2,17.7,88.1,70.7,61.1,65.5,55.9,52.4,71.4,74.2,66.9,56.7,78.6,84.7,76.6,72.8,61.4,222.2,34.3,46.9
22_M_0181,남,71,177.1,51.4,73.7,80,77,62.7,106.1,71,95.8,97.3,90.3,82.3,49,18.3,17.8,15.5,13.8,19.2,20.5,18,16.3,85.5,67.5,56,58.6,49.1,42.8,66.7,68.5,60.7,53.8,70.5,77,73.4,66.9,63,210.5,30.3,41.9
22_M_0182,남,75,167,51.5,64.6,72,67.6,54.3,105.7,71.7,96.3,95,89.4,84.1,47.1,17,16.2,16.7,16.7,20.1,18.2,17.9,17.2,83.9,64.5,51.8,52.1,50.4,49.6,62.4,61,60.4,54.5,69.9,66.9,62.7,62.8,60,200,28.1,39.2
22_M_0183,남,70,178.4,53.5,73.6,78.5,80,64.8,106.1,69.2,94.5,99.9,94.3,86.2,45.2,17.3,17.3,16.7,16.9,18.6,19.6,18.8,17.3,81.3,65.6,52.5,55.7,51.6,49.8,62.9,65.4,63.5,56.9,68.7,72.1,70.5,68.3,60.5,199.7,32,43.1
22_M_0184,남,78,182,53.1,73.4,83.3,77.5,63.4,113.1,78,99.9,98.7,95.8,88,41.3,17.4,18.5,17.7,16.3,21.4,22.1,20.1,16.8,93.4,70.8,56.4,60.4,53.6,49.2,68.8,72.5,66.9,57.2,76.7,79.6,80,70,67.1,225.3,34,44.2
22_M_0185,남,75,183.8,52.7,78.3,88.5,83.7,70.1,107.2,71.8,95.8,95.6,92.4,84.8,45.6,18.4,19.5,17.9,18.8,19.9,21.6,20.4,18,88.1,72.8,56.7,59.9,56.1,57.8,69,70.8,70,62.5,71.9,80.1,79.4,74.1,68.8,220.3,34.6,47.9
22_M_0186,남,75,186.2,49.4,74.7,86.4,79.1,65.4,108.4,76.8,99.6,99.8,95.6,88.2,48.4,17,20.3,18.5,16.9,20.1,20.9,20.3,18.5,95.3,80.6,63.6,67.4,63.2,51.1,73.9,78.1,76.6,60.3,79.8,85.8,87.3,76.5,71.9,229.8,36.3,50.2
22_M_0187,남,77,176.7,56.1,74.9,79.7,78.4,63.5,111.9,73,95.8,97.1,92.4,83.8,48.7,17.2,18.1,16.4,16.7,19.7,20.7,20.1,17.1,83.9,65.9,53.8,55,52.3,46.5,65,67.7,66.1,56.4,69.8,75.2,79.8,71.5,63.5,204.5,31.2,40.2
22_M_0188,남,74,182.6,57.1,76.5,84.8,83.2,67.4,114.3,75.3,99.6,97.8,92.7,86.1,48.1,17.6,18.6,16.7,15.9,20.9,21.6,19.9,17.4,92.4,70,55.7,58.2,51,46.9,68.4,71.7,66.3,58.7,76.5,76.4,76.8,72.5,66.6,223.3,34.1,43.4
22_M_0189,남,74,185,56,74.9,79.4,81.8,66.3,112.1,74.4,102.4,105.7,95.7,88.5,48.4,20.8,20.3,20.1,19.6,22.1,23.6,22.1,19.8,94.4,74.9,63.4,62.6,61.1,60.9,72.4,76.3,75.5,71.8,81.2,80,83.9,82.5,73.4,231.4,35.6,48.3
22_M_0190,남,75,183.2,54,72.6,80.3,77.6,62.1,106.3,76.5,103.6,103,93.8,89,53.9,20.1,22,19.5,20.3,23.6,23.8,22.2,21,97.3,79.4,61.9,66.8,59.3,59.1,76.8,80.9,76,71.8,85.3,83,85.3,79.5,74.5,238.4,38,50.1
22_M_0191,남,83,171.1,55,71.2,73.1,69.2,56.2,108.7,70.3,95.3,98.1,92.3,82.8,46.5,17.6,16.9,15.7,16.4,19.9,19.8,18.9,17.4,82,65.7,53.7,54.1,50.4,48.1,64.5,64.1,60.7,55.3,71.9,75.5,71.5,69.3,61.1,201.7,28.2,38.2
22_M_0192,남,73,178.9,51.7,68.3,75.5,74.1,57,107,74,99.8,103.5,94.2,89.4,50.1,19.7,18.4,17,17.1,22.5,22,21.4,19,91.2,71.7,60.8,56.9,53.2,46.8,69.3,69.9,66.6,56.7,78.4,75.8,75.6,72.7,65.5,218.1,33.7,45.6
22_M_0193,남,79,173.4,49,74,80.9,76.3,56.4,103.3,73.7,93,92.5,86.6,83.7,40.5,17.9,18.9,17.2,18.9,20.2,21.3,18.6,18.6,87.6,71.2,55.6,58.4,53.7,58.7,68.3,71.7,69.1,65.9,74.2,79.5,83.8,69.5,67.7,216.3,32.9,46.8
22_M_0194,남,82,184.4,50.5,74.7,79.4,76.5,59.3,111.5,80.9,105.5,105.1,98.5,90.5,47.5,19.1,18.8,16.3,17.1,20.4,21.9,18.5,18.1,91.4,71.6,58.9,58.3,52.8,48.4,70.5,72.7,65.1,57,79.6,78.2,77.6,71.1,62.1,221.4,33.6,43.6
22_M_0195,남,74,187.3,56.3,72.1,80,76.3,61,111.1,74.2,104.9,107.3,102.3,95.5,55.8,19.4,21,20.2,19.2,22.2,23.7,22.7,19,91.4,74,59.3,63.1,59.8,56.9,70.3,74.4,72.3,63.9,77.7,76.9,77.1,74.4,71.8,221.4,34.6,46.1
22_M_0196,남,84,174.1,52.7,75.4,79,76.1,62.1,106.7,73.1,94,95.1,90.6,85,48.3,18.1,18,18.2,16.5,20,21.1,19.2,16.4,83.5,66.6,56.7,57.9,56.1,51,70.8,70.1,68.1,55,73.4,81.7,84.6,75.6,62.7,211.4,35.6,46.6
22_M_0197,남,72,183.6,55.7,71.7,82,80.7,65,111.5,75.6,100.3,101.7,97.4,89.5,47.4,16.1,18.7,18.4,16.6,20.1,21.8,21.7,18.4,90.3,71,52.7,57.5,55.5,49.8,66.7,69.9,68.9,60.7,70.6,74.3,74,72.2,63.9,221.5,31.3,42.1
22_F_0198,여,76,155.8,47.3,59.4,64.8,66.2,54.1,92.6,64.4,89.6,91.2,80.7,73.2,46.9,16.1,14.7,13.4,12.8,16.7,17.1,15.9,14.5,76.8,58.9,49.6,48.8,43.3,40.7,54.7,57.5,53.6,46.7,63.7,67,72.6,64.2,56.9,191.6,28.3,34.6
22_F_0199,여,81,160.5,51,66.4,72.4,71.1,57.6,96.4,64.7,89.2,88.1,83.3,76.8,45.6,16.5,14.7,14.1,14,17.6,17.6,17.1,14.6,78.5,59.3,50.5,49.7,45,42.6,59.9,59.1,57.7,50.7,67.5,65.7,64.2,61,53.4,192.7,28.4,35.8
22_F_0200,여,73,162.1,51.3,64.9,67,68.9,59.4,103.6,70.6,93.6,95.2,86.8,77.4,48.3,17.6,15.9,15.2,15.8,20,18.3,17.6,17.9,84.5,69.1,55.5,54.6,49.8,48.6,64.5,62.7,58.6,56.5,74.3,77.3,79.2,67.2,62.9,206.1,30,39.7
22_F_0201,여,75,172.3,49.6,66.6,80.7,73.2,54.4,95,66,90.8,91.6,88.4,84.8,48.8,18.2,18.4,18.1,16,20.7,23.2,19.8,16.5,89.8,65,56.4,58.8,55.5,51.4,67.6,72.7,67.9,59.9,73.7,77.4,83.5,81.5,71.9,219.8,37,46
22_F_0202,여,71,167.4,48.2,68.5,74.2,70.3,59,101.5,71.1,93.1,93.3,87.8,81.4,41.4,17.9,16.8,15.2,13.3,18.6,18.4,17.8,15,76.5,64.9,54.7,52.8,48.1,44.3,61.8,61.5,59.5,52.4,70.3,71.2,74.1,62.5,60.5,193.9,28.5,39.3
22_F_0203,여,76,163.7,45.8,68.4,75.7,72.5,53.6,99.5,69.2,87.5,88,84.1,79.9,40.4,16,15.8,15.1,14.4,17.3,19.8,17.3,16,79.3,59.8,51.3,51.5,47.9,43.4,60.6,65.3,59.1,50.7,65.6,70,66.7,61.3,59.2,197.3,29.9,38.6
22_F_0204,여,71,180,54.2,77.7,82,78,66.6,111,73.8,96.7,98,93.8,83.6,41.7,17.3,16.2,15.4,14.7,19.4,18.7,18.6,17.4,81.5,65.2,53.4,51.4,46.3,44.1,64.3,64.2,61.7,54.9,65.2,74.5,80.1,72.2,65.3,203.3,29.2,40.4
22_F_0205,여,73,174.4,49.6,70.6,78.4,75,61.9,100.6,71.7,94.1,96.2,91.7,84.4,41.2,17.2,15.4,14.8,15.4,20,20.6,20.8,17.7,84.4,67.5,54.6,52.6,48,46.9,70.4,71.2,69,56.5,76.6,74,80.1,77.8,65.3,209,30.1,40.9
22_F_0206,여,75,168.4,55.1,73.4,80.2,77.2,55.1,107.2,69.8,88.8,88.3,85.8,78.7,44.4,16.8,16.3,15.4,12.7,18,17.4,17.5,15.6,78.5,63.9,54,53.2,50.5,43.8,61.6,62.6,58.2,51.7,69.5,70.7,72.6,61.2,59.6,194.3,28.4,38.7
22_F_0207,여,75,168.2,52,67.9,75.5,73,58.7,101.1,69.5,93.3,92.7,87.2,80.8,48.9,18.4,18.7,16.7,17.1,18.9,20,17.4,16.6,86.7,65.2,56,58.3,53.7,49.6,62.4,66.5,60.8,54.2,71.7,70.6,74.1,71.7,61.4,212.7,31,41.8
22_F_0208,여,70,167.7,51.3,70.2,73.4,71.6,56.6,99.3,67.3,93.9,94.4,90.6,83.2,51.1,16.2,16.3,15.3,14.2,19.5,19.5,18.5,17,84.6,64.1,53.2,52.8,48,43.3,66,65.1,61.5,53.7,74.1,75.3,72.6,65.1,61.6,205.1,30.7,40.2
22_F_0209,여,81,171,55.4,72.8,77.2,73.6,59.9,103.2,65.9,88.2,93.9,87.9,77.4,40.3,16.9,16.6,14.8,13.5,19.9,19.2,17.4,15.9,81.1,61.5,52,52.9,49.4,42.8,65.7,66.5,61.6,52.6,66.2,70.7,76.3,66.7,59.8,199.2,29.8,39.6
22_F_0210,여,76,170.5,56,72.6,75.4,77.5,59,105.9,65.7,93,95.1,88.2,81.3,47.1,15.6,15.2,14.7,14.7,16.3,17.1,16.8,15.4,77.7,60.3,49,48.7,45.7,42.5,56.6,59,54.5,48.7,68.1,66.8,65.2,60.1,56.7,191.4,27.5,36.6
22_F_0211,여,81,168.2,54.1,71.5,77,73.7,58.9,106.4,67.8,90.8,91.1,84.7,78.2,46.2,17.2,16.2,14.2,13.9,17.9,17.3,16.5,14.9,78.7,60.5,53.1,51.9,47,42.2,59.3,58.6,56.5,49.2,69.8,70.5,67.4,62.6,55.1,191.7,28.7,36.4
22_F_0212,여,76,160.5,51,62.7,72.8,68.2,56.7,97.7,63.8,88.8,88,82.9,76.6,45.8,17.4,17.1,15.6,15.3,19.7,19.2,19.2,16.6,79.8,63.5,54.9,53.5,48,45.1,65.3,65.1,60.7,53.8,69.4,71.6,74.7,70.2,63.7,197.7,28.8,40.5
22_F_0213,여,73,170.2,40.7,67.6,75.6,72.8,58.4,90.5,65.9,91.8,94.7,90.5,80.6,40.1,15.6,14.5,12.6,12.6,17.4,16.8,15.6,14.8,75.3,60.8,48.7,48.6,42.6,36.7,59.1,59.3,52.8,45.2,61.9,70,65,65.1,56.6,184.7,27.3,36.4
22_F_0214,여,75,161.8,45,58.3,65.9,68.5,47.2,93.7,68.8,96.9,96.3,88.7,81.7,48.3,18.8,17.5,15.7,15.3,20.1,21.5,19.1,17.7,84.3,70.1,57.7,54.4,48.2,45.9,64.6,71.3,63.3,57.1,78.8,77.7,85.1,74.7,63.2,203.4,30.9,38.9
22_F_0215,여,70,166.7,54,68.6,72.1,67.7,49,100.6,68.2,93.5,94.7,92.4,86.2,49.2,17.8,16.9,15.6,15.1,20.7,19.2,17.6,16.1,83.7,68.5,55.6,54.8,47.6,47,68.3,64.4,60.2,53.4,79.2,76.2,83.4,68.5,62.8,203.7,31.8,39.8
22_F_0216,여,78,152.6,42.6,64.4,72.1,71.1,56.3,89.5,63.6,79.9,80.6,77.5,70.7,35.1,14.4,13.6,12.5,14.1,19.3,17,16.4,14.1,71.8,55.1,46.4,46.1,41.6,42,59.7,57.9,58.6,47.4,59.8,69.5,68,66.3,60.8,179.8,27.3,32.7
22_F_0217,여,79,157.4,45.4,63.1,67.2,65.2,52.5,92.6,64.5,89,90.3,85.3,75.9,45.3,15.3,14.6,12.2,12,17.8,16.3,14.4,14.2,76.5,54.1,48,47.5,40.7,38.5,57,55.8,51.4,46.9,61.2,64.1,60.8,62.3,51.8,187.1,28,35.5
22_F_0218,여,75,176.6,57.4,73.7,79.5,77.7,63.3,106.7,68.5,95.9,97,91.1,86.4,47.3,19.1,16.8,16.7,15.9,21.3,20.7,19,17.6,87.7,67.4,56.5,52.9,49.4,45,66.8,65.6,61.9,55.4,72.8,74,75.7,67.7,64.2,208.8,30.3,40.7
22_F_0219,여,77,174.7,54.5,73.8,80.8,76.7,57.8,104.4,66.6,90.6,93.9,88.5,81.3,46.9,15.5,15.5,14.6,11,18.2,19.1,17.7,14.5,82.3,57.2,48.5,51.6,47,39.1,59.1,62.9,58,48.8,66.9,72.6,68.8,65.8,59.4,198.4,27.8,34.7
22_F_0220,여,77,164.8,51,70,71.9,68.7,51.8,97.6,64.2,89.4,93,88.7,83.1,48.6,15.9,15.5,14.1,13.6,18.2,18.5,17.1,15.1,78.6,59.7,52.4,50.6,48.5,42.7,62.5,61.5,56.1,47.6,62.8,66.7,68.1,66.8,58.4,188.1,27.8,36.9
22_F_0221,여,71,168.9,52.3,70.3,76,74.6,55.9,103.3,67.8,90.5,93,87.2,77.9,41.4,14.7,13.5,12.4,13.2,17.5,16.1,15.7,14.2,75,56.6,47.6,46.9,41.5,39.5,57.7,59.9,55.8,45.3,67.2,67.8,66.9,65.8,57.8,187.6,27.2,36.3
22_F_0222,여,74,165.2,50,66.2,69.8,70,53.6,97.9,65.5,93.8,95.4,88.9,84.9,50.1,17.9,17.5,16,16.3,19.6,25.2,19,18.7,84.1,67.2,53.9,54.5,50.5,47.6,65.5,69.9,61.4,56.3,70.7,75.2,90.7,71.7,67.4,202.5,30.7,39.7
22_F_0223,여,76,173.7,53.9,68.7,77.9,79,60.8,105.9,68.6,94.5,95.8,86.5,77.6,45.2,15.1,15.2,13.7,12.9,18,18.9,16.5,15,80,62.1,47.8,49.7,44.1,39.1,60.4,62.4,57,49.6,63.2,64.3,64.4,65.1,54.9,197,29,36.8
22_M_0224,남,72,182.4,50.8,67.3,74.7,71.2,57.2,112.9,80.8,108.7,108,102.7,93.3,53.2,18.6,17.8,17.8,17.2,18.9,19.5,20,17.7,90.1,66.6,56.5,56.9,54,48.3,64.3,63.2,63.2,52.6,72.3,71,69.3,69.4,66.7,213.1,30.5,43.3
22_M_0225,남,79,187.3,50.3,71.9,80.3,72.3,61.5,115.9,82.6,106.9,107.1,101.4,90.6,47.3,18.9,18.3,17.3,16.3,21.5,20.9,20.1,17.1,92.8,67.9,59.2,57.5,54.1,47.9,68.8,67.9,66.3,55.5,74.2,77,74.1,73.9,68.8,222.4,35.1,45.4
22_M_0226,남,72,195.6,53.2,74.1,81.8,78.4,66.8,119,83.5,111.5,113.8,110.2,96.8,50.4,18.4,18.8,18.2,17.3,20.3,22.7,20.5,19.7,93.5,70.7,55.9,60,57.3,48.8,66.3,72.3,67,59.1,73.8,78.1,77.7,74.7,72.7,223,34.1,47.9
22_M_0227,남,72,184.9,55.4,67.4,73.7,74,60.7,118.4,79.8,110.2,111.4,106,94.9,56.6,19.7,20.5,20.2,17.9,20.8,22.3,20.7,18.5,92.5,74.7,58.5,63.4,59.6,51.1,70.1,73.9,69.6,60.3,80.8,80.1,79.7,76.8,71.8,221.8,34.2,49.7
22_M_0228,남,76,183.1,55.7,71.6,82.5,82,59.3,110.8,73.7,102.7,100.7,95.3,86.8,53.7,19.2,18.9,19.2,16.9,21.2,21.2,21.5,18.5,89.6,75.1,57.5,57.8,56.2,48.3,67,68.5,68.9,57.1,77,74.2,74.9,72.9,65.4,216.7,34.2,46.3
22_M_0229,남,71,186.5,57.2,72,80.2,75.8,57.5,116.8,78.8,106.2,106.3,104,99.3,47.6,19.6,19.8,19.2,18.1,21.8,21.2,21.7,19.6,94.3,73.4,59.5,61.3,58.1,51.9,71.5,72.3,67.7,60.2,75.8,80.6,77.7,80.1,68.2,220.8,32.8,47.3
22_M_0230,남,73,191.3,50.7,66.9,79.1,74.8,57.4,121,88.3,115.7,112.2,105.3,100.1,52.9,19.2,19.4,18.6,17.4,21.6,21.6,20.7,17.7,94.2,73.5,59.5,60.3,55.4,51.3,68.4,70.8,69,56.9,81.1,77.9,76.5,78.4,68,221.4,31,46.2
22_M_0231,남,81,183.9,54.3,70.3,77.7,72.2,58.3,114,78.4,106.3,106.2,101.7,95.6,52.9,20.7,19.2,18.3,19,21.6,21.6,20.5,19,95,75.3,60.9,62.2,56.7,52,69.5,71.3,67.4,59.5,81.4,81.4,79.4,73.1,65.7,223.3,32.7,45.6
22_M_0232,남,78,178.3,48.6,74.7,78.8,74.5,55.9,107.1,79.1,96.6,99.6,95.1,89.1,42.9,19.8,19.3,18.5,17.6,21.8,22.4,20.4,17.8,92.5,70.5,61.5,60.6,59.4,53.4,70.7,71.9,67.4,62,78.3,78.5,74.6,74.5,66.9,218,34.6,45.5
22_M_0233,남,70,177.8,53,63.7,71.1,67.3,56.8,105.5,72.5,104.8,106.7,100.8,90.9,54.3,18.7,18.6,16.4,15.6,21.3,20.4,20,16.8,87.2,70.3,56,56.4,51.9,45,66.8,66.2,63.6,53.7,77.4,77.9,72.5,72.7,64,207,32,43.6
22_M_0234,남,84,193.1,54.3,73.4,80.5,78.9,65.9,123.4,85.7,110.7,112.7,106.8,98.5,49.4,19.1,17.8,17.6,17.3,21.2,20.8,19.1,18.2,94.3,71.7,58.2,59.6,55.6,49.8,70.2,70.5,66.9,58.8,76.7,85,75.9,76.8,70.3,221,31.5,44.7
22_M_0235,남,71,175.3,47.6,64.9,72.2,67.3,58,104.7,73.7,101.5,103,100.3,90.3,49.2,17.7,16.7,16.2,15.5,19.6,19.7,18,16.1,86.3,64.2,54.3,55.5,54.7,44.7,63.5,64.4,59.4,50,68.6,74.2,72.4,71.4,60.4,203.5,30.3,42.9
22_M_0236,남,83,190.4,56.2,72.5,75.5,73.6,59.3,117.4,79.3,111.2,115,110.9,100.6,53.4,19.6,18.8,18.4,16.9,20.9,20.1,19.9,18.1,92.4,70.1,58.6,59.8,55.6,50.4,67.3,67,62.6,55.6,81.9,74.5,74.1,77.1,65.8,218,31.9,42.9
22_M_0237,남,72,196.3,60,67.2,83.6,76.5,59.6,120.5,79.3,107.8,112.7,109.7,102.5,50,20.6,20.8,20.5,19.1,22.8,23.9,23,18.6,96.9,75.9,60.7,62.7,62.4,52.4,71.3,78.6,74.3,59.5,85.8,81.7,81.4,80.3,68.1,223.9,33.7,45.1
22_M_0238,남,75,184.9,51.9,69.7,77,76.1,59.9,113.5,78.3,105.5,107.9,105,96.8,48,19.5,19.6,17.2,16.6,21.1,22,21.2,18.4,92.5,68.8,58.7,60.6,55.2,47.7,67.6,70.3,67.9,55.9,75.8,76.7,76.9,70.9,64.7,214.2,30.5,44.2
22_M_0239,남,76,169.8,42.5,66.9,69.7,64.8,52.6,97.4,74.9,96.7,100.2,96.2,88.3,47.9,18.7,18.5,18.4,17.5,21,21.6,20.1,17.2,86.7,65.7,56.4,56.9,54.3,50.6,68.3,68.1,63.5,56.1,72.2,81.3,75.9,73.2,69.8,203.3,30.7,42.6
22_M_0240,남,82,174.8,50.3,70.2,75,71.1,53.8,109.6,78.3,100.3,100,94.3,84.9,43.5,17.1,17.7,16.6,23,20.4,19.1,18.8,18.9,88.3,66.1,54,56.4,54.5,69.2,63.9,62.9,63.3,58.9,73.9,77,74.8,74.1,67.2,209.7,32.1,43.9
22_M_0241,남,78,173.7,47.9,65.6,68.4,63.4,46.4,106.6,76,102.6,105.4,99.7,96.2,50.9,19,19.9,18.8,18.5,22.7,22.6,19.1,16.8,94.6,72.8,59.8,60.7,58.2,54.5,69.5,71.7,65.9,58.2,72,78.8,90,76.3,64.3,219.5,30.9,45.8
22_M_0242,남,78,178,51.8,65.7,76.7,74,62.1,106.4,73.4,102.7,101.3,97.1,87.8,49.4,18.7,19,17.2,16.4,20.6,21,19.4,18.6,87.9,71.5,57.4,61.6,58.2,49.6,69.2,72.3,66.1,61,83.5,79.2,77.7,72.1,67.9,210.6,32.9,44.6
22_M_0243,남,75,188.5,51.4,73.1,79,72.4,62.1,115.1,79.6,106.3,109.5,105,93.8,52.3,18.6,17.9,16.1,16.9,20.9,20.2,18.5,18.6,88.2,68.7,57.6,56.9,52.3,47.7,69.7,68.4,62,56.5,81,85.8,79.2,71.1,68.7,211.9,32.3,44.2
22_M_0244,남,76,166.6,48.5,63.7,73.1,68.8,57.4,100.4,71.3,94,93.5,90,83,47.3,17.7,17,16.1,16.2,18.2,20.2,18.4,16.8,86.5,69.4,55.2,56.3,53.4,47.3,65,68.8,62.9,53.8,72.8,68.4,68.8,65.7,63.3,205.6,31.8,46.2
22_M_0245,남,75,184.6,47.4,68.6,75.7,75.7,61,111.6,80.8,108.7,109.1,104.8,95.4,48.5,18.3,17.7,18.6,18,19.1,20.9,20.1,16.8,87.7,67,55,56.2,54.1,52.8,65.1,67,67.9,59.7,67.1,70.2,69,70.5,62.4,212.6,33.4,45.9
22_M_0246,남,75,189.8,57,76.9,84.4,75.7,57.9,116.4,77.4,100.4,105.5,107.3,101.7,46.9,17.9,19,17.6,17.5,21.5,22.5,19.3,17.1,90.7,72.8,57.1,59.7,55.1,52.8,72.8,75.6,64.9,57.3,69.9,87.4,83.1,74.2,69.8,215.2,33.5,45.5
22_M_0247,남,73,184.9,48.5,76.8,81.9,76.4,60.4,112.3,82.9,102.6,103.2,99.4,94.9,44.9,19.1,18.4,18.4,18.4,21.3,22.4,20.8,18,93.8,74.2,58.9,58.7,54.2,53.8,70.8,69.6,67.6,60,76.1,79.2,73.6,74.2,69.8,218.9,31.7,42.6
22_M_0248,남,81,190,50.2,70,81,78.2,62.7,115,83.3,110.5,109.1,105.1,96.8,51.6,19.4,19.1,18.7,18.1,21.5,22.1,20.8,20.2,94.9,69.4,60,60.4,57.3,53.3,70.9,72.1,67.6,60.8,79.3,81.1,78.7,77,71.9,229.2,35.5,45.7
22_F_0249,여,70,169.7,41.4,57.5,68.4,64.1,55.2,101.5,76,105.6,101.4,94.3,83.4,51.5,16.4,16.2,15.8,15.9,18.4,19.7,18.5,16.9,82.7,61.4,49.7,51.1,49.4,47.8,58.8,63.4,60.2,53.4,69.4,71.3,72,70.9,65.1,201.8,30.5,39.5
22_F_0250,여,77,175.6,52.1,60.8,72.3,69.6,54.9,108.1,74.4,106.9,103.4,97.3,92.3,50.5,18.3,17.7,17.1,15.2,18.8,19.8,19.4,16.7,83.7,64.1,53.2,54,52.8,43.4,61.5,62.6,62.5,52.9,70.9,72,73.9,70.2,65.7,206.1,30.4,39.1
22_F_0251,여,76,180.5,56,73.9,80.4,78.4,64.9,115.6,75,100.5,100.2,97,84.7,44.9,16.8,16.3,15.7,15.9,17.4,18.7,17.6,15.8,81.7,62.3,52.9,52.1,48.6,48.5,60,63.2,59,55.5,66.3,66.6,64.9,66.9,60.7,202.5,28.9,38.1
22_F_0252,여,83,170.5,40.8,61.3,69.4,69.2,55.2,99.8,76.4,102.7,101.3,94.5,86.7,46,16.5,15.8,16,16,18.1,19,18.9,17.1,82.3,67.2,51.1,52.7,50.7,47.1,59,61.3,61.4,54.4,72.3,63.8,62.4,64.6,59.3,201.1,28.5,38
22_F_0253,여,74,177.7,58.9,62.5,70.5,63.9,53.9,109.7,69.8,105.8,107.2,101.6,90.3,56.7,17.6,17.8,17.3,15.4,20,20.5,20.4,17.5,87.1,66.2,51.5,54.4,50.8,44.4,61.9,64.1,61.9,56.4,79.2,72.7,73.1,74.8,64.2,205.1,27.5,38.9
22_F_0254,여,74,181.9,51,66.2,77.2,75.1,61.7,106.4,74.4,108,104.8,99.4,91.5,51,17.5,16.2,16.5,15.4,18.8,20.6,20.6,17.4,87.5,61.7,52.2,52.1,49.7,45,62,65.6,65.7,55.2,66.9,71.8,69.1,68,64.5,209,29.7,39.4
22_F_0255,여,71,192.5,60,75.7,83.3,75.4,57.6,111.6,70.7,105.5,109.2,106.7,96.9,52.6,17.9,17.9,18.3,16.8,21.5,21.6,20.2,17.1,92.3,69.7,55.3,55.5,53.7,47.4,68.5,66.4,65.3,52.2,80.2,75.5,70.9,77.1,67.7,215,28.8,40.8
22_F_0256,여,72,178.8,46.1,64.2,73.8,67.7,49.8,106.6,77.2,105.1,105,101.1,95.7,47.9,18.3,18.5,17.4,15.7,20.8,21.2,20,17,94.9,68.8,57.2,58.6,54.5,48.2,66.5,69.2,65.4,56.6,75.7,77.9,77.4,78.4,65.6,219.7,31.7,42.7
22_F_0257,여,71,163.7,48.8,69.6,75,70.5,57.5,96.8,64.9,87.8,88.7,87.3,77,40.7,15.6,15.4,14.5,15.1,17.4,18.6,16.8,15.5,74.5,58.5,47.5,47.6,45.2,44.6,58.2,59.8,55.9,51,59.2,62.3,62.2,58.4,56.9,182.5,25.7,34.8
22_F_0258,여,79,155.8,50,55.5,58,59.8,51.4,92.6,62,94.2,97.8,92.3,83,49,18.6,17.9,16.6,16.6,18.1,20,18.3,18.8,82.9,66.1,54.2,54.8,53.1,47.9,59.4,62,60.4,57.9,70.7,68.6,72.2,71.9,65,194.2,27.1,33.8
22_F_0259,여,75,174.7,53.8,66.9,74.1,68,55.4,100.9,63.7,98.6,100.6,97.3,86.4,58.1,15.9,16.2,14.8,13.5,19.3,18.9,18.7,16.3,83.9,60.7,48.5,50.8,46.4,42,60,63.3,58.9,49.3,69.4,68.6,68.3,67.6,56.1,199.4,29,37.4
22_F_0260,여,75,157,43.6,55.8,64.5,63.3,54.6,96.6,67.9,94.1,92.8,86.8,73.4,45,15.1,14.8,15.1,12.5,16.7,18.6,17.8,15.7,74.4,57.4,47.3,47.8,48,38.8,56,59.5,58.5,48.6,62.2,65.4,67.7,67.3,56.3,189,29.4,39.1
22_F_0261,여,73,164.2,46.7,67.6,73.7,68.8,48.8,98.4,69.2,92.4,90.5,88,84.1,43.8,16.9,17.7,16.5,15.7,19,20.1,19.2,16.1,85.1,61.6,54.2,54.3,49.8,46.2,61.7,62.6,60.2,49.6,66.5,71.2,74.7,71.2,55.7,201.1,25.4,37.6
22_F_0262,여,72,174,54.4,69.7,75,69.7,56,105.5,69.9,98.2,99,94.8,86.7,49.2,17.1,16.8,15.6,14.6,19.1,20,17.9,15.7,82.5,64.6,52.5,52.3,48.1,46,62.1,64.3,59.4,51.8,65.4,70.9,68.5,66.9,59.8,195.1,26.6,39.1
22_F_0263,여,73,161.6,51.7,61.5,64.2,58.9,51.3,99.2,65,94.9,97.4,93.5,78.7,52.1,18,16.4,16.2,16.5,19.7,19.4,18.1,17.8,80.3,63.9,55.3,54.5,51,49.4,62.6,61.6,59.8,54.6,69.7,69.9,68.9,66.3,63.7,195.8,28.8,38.9
22_F_0264,여,83,160,38,53.2,62.7,62.8,44.9,89.8,71.3,95.3,97.4,90.7,81.6,43.3,15.4,15.9,15.3,14.5,17.2,18.7,19.5,14.9,81.2,61.6,49.2,50.9,49.8,46.3,57.6,59.9,62.5,49.5,64.8,63.3,67.1,66.5,55.2,192.3,26.8,37
22_F_0265,여,73,164.5,53.6,62,68.4,66.3,54.8,107.5,71.1,96.7,96.2,90.9,80.7,50.2,17.4,17.5,17.8,16.4,18.5,20.3,18.9,18.1,83.3,67.1,56,54.7,52.7,46.6,63.7,66,63.2,55.5,78,72.8,74.6,71.8,63,203.9,30.4,42.3
22_F_0266,여,72,170.7,50.3,66.9,76.9,71.1,63.7,105,69,95.3,94,90.9,79,46.6,15.5,14.7,15.3,14,18.5,18.2,17.8,15.8,76.5,59.9,49.1,49.3,47.2,41,60.1,60.8,58.5,49.7,63.4,67,64.3,60.6,57.7,190.1,28.7,36.7
22_F_0267,여,70,167.5,46.6,61.5,70.4,68.1,61.9,101.3,73.3,97.8,97.4,93.9,76.7,45.3,15.7,15.9,16.5,14.3,17.9,16.9,17.7,15.3,75.7,58.2,47.7,49,48.1,40.9,56.4,58.3,55.9,49.8,61.1,60.8,60.4,61.6,60,196.2,26.6,37.6
22_F_0268,여,76,159.8,43,59,65.9,62.6,47.8,95.8,68.6,94,93.9,88.9,81.5,43.5,16.4,16.9,16.7,15.8,17.2,18.6,18.9,16.4,81.8,64.6,53.2,54.5,53.2,47.6,59.5,61.9,60.2,52.7,69.4,66,70.2,70.1,63.6,195.4,27.9,37.8
22_F_0269,여,70,149.9,46.8,50.8,55.2,52,42,89.8,61.4,93.5,94.8,88.7,77.7,50.7,16.3,16.2,16.3,13.6,18.5,17.3,17.6,15.5,74.8,60.5,49.2,49.1,47.2,40.8,55.7,54.6,55,47,69.3,63.4,62,65.6,60.9,181.9,26.1,35.3
22_F_0270,여,77,169.3,48.4,60.6,70,70.5,59.1,105.5,71.5,102.4,99.4,92.7,81.2,51.5,16.8,17,16.3,14.2,17.9,19.2,18,16.5,82.2,64,51.2,53.3,48.9,41.9,58.3,62.4,58.4,51.8,67.1,67.3,70.8,66,61.8,201.9,28.8,35.9
22_F_0271,여,80,167.6,45.3,61.2,66,65.5,48.9,96.5,70.5,100.7,101.7,96,84.1,52.5,14.9,15.2,14.7,13.7,17.4,17.3,17.5,15.5,72.9,60.5,47.8,50.6,46.9,42.5,58,57.1,56.3,48.6,62.1,66.3,63.4,66.7,59,190.8,28.3,37.4
22_F_0272,여,81,160.3,50.3,61.8,67.5,62.5,51.1,100.5,67.3,93.6,92.8,93.2,84.3,46.2,16.4,17,15.9,14.4,19.6,20.3,16.8,16.2,80.7,68.8,52.4,54.5,50.9,45.1,61.5,66.4,57.1,51.4,65.6,69,69.4,67.2,58.1,194.1,29.7,39.9
22_F_0273,여,72,175.1,44.4,69.5,73.9,71,56.3,97,73.6,102.4,101.2,97.7,92.3,47.1,17,16.8,16.9,16,19.9,20.4,21.7,16.9,84.6,67.2,52.5,53.6,52,45.8,67.2,66,66.9,51.9,77.7,72,69.5,68,59.5,208.3,31.7,42.5
22_F_0274,여,72,169.8,49,65.8,72.8,68.2,52,100.5,67.5,96.3,97.1,93.6,83.5,50.3,17.3,17,16.2,15.5,19.6,19.5,18.3,16.5,81.7,63.5,51.7,53,49.6,44.6,62.6,63.9,59.3,49,68.8,63.9,62.2,67.4,59.1,197.8,29.6,37.9
22_F_0275,여,72,169.8,53.8,69,75.6,73.5,62.4,102.3,64.8,94,94.3,87.3,77.9,49.8,17.6,18.4,17.2,17.1,18.6,20.7,19,16.9,80.1,67,53.3,54.9,52.3,47.7,63.3,66.5,62.8,54.9,71.4,71.7,69,66.3,61.6,201.4,31,38
22_F_0276,여,71,174.4,55.1,70.6,74.3,75.2,61,112.5,75.6,98.4,100.2,91.7,81,44.7,16.7,16,16,15.7,18.5,18.6,18.7,16.5,80.8,61.9,51.1,48.7,48.1,43.4,61.3,59.6,58.9,51.7,69.3,67.4,68.1,68.2,60.6,200.5,30.5,39.9
22_F_0277,여,74,186.7,62,78,79.1,74.4,58.1,117.6,74.5,103.2,107.6,104.8,95.6,50.9,16.7,16.6,16.5,17,18.1,18.1,19.1,16.5,90.5,61.6,51.9,52.3,50.6,48.7,62,62,62.3,54.5,73.4,73.3,71.2,70.5,66,210.2,28.6,39.7
22_F_0278,여,76,156.2,48.7,61.7,67.5,61,45.1,98.1,64.7,86.4,88.7,84.5,75.9,40,16,15.9,15.2,12.3,20.2,19.4,19.6,14.7,76.2,62,50.5,50.4,49.4,44.3,60.7,62.5,61.4,52.3,66.3,67.2,64.4,62,53.9,185.4,30.1,38.1
22_F_0279,여,75,177.9,56.6,76.9,76,80.6,62.1,112.3,73.9,97.5,101.9,98,90.5,47.3,19.4,18.8,18,17,22.1,22.7,20.2,18.2,89.4,71.7,58.8,61.5,55.2,47.6,73.8,74.3,63.4,57.7,77.3,86.2,89.8,76.9,68.9,215.9,32.7,43.4
22_F_0280,여,75,152.4,45.3,57.6,62.3,58.5,48.7,95.3,67.2,89.5,90.2,84.5,73.5,44.5,15.6,15.8,14.2,15.1,17.6,18.2,16.9,14.4,71.5,57.4,48,49.1,45.5,41.8,56.3,56.6,53.5,46,62,62.2,61.5,58.2,53.8,183.5,26.6,35.4
22_F_0281,여,72,171.1,52.2,63.1,76.7,70.4,56.6,102.9,67.1,95,94.4,91.1,82.2,49.1,18.1,16.3,15.6,14.9,17.6,20.5,17.6,16.7,79.8,59.2,56,51.7,49,44.4,57.5,65.1,58.9,51.9,66.9,66.3,65.5,64.3,60.3,197.2,29.2,40
22_F_0282,여,81,159.8,46,64.2,64.9,64.4,47.3,92.6,65.3,90.2,94.9,89.9,81.6,42.4,15.5,14.2,14.2,11.4,16.8,17.9,17.4,14.6,74.6,59.9,47.6,46.9,46.2,38.3,56.7,57.6,56.8,48.6,59.8,67.3,60.9,62.2,52.5,181.1,27.7,36.8
22_F_0283,여,71,153.6,45.6,59.6,65.7,64.3,51.8,88.7,61.2,87,88,82.3,73.8,47.5,14.6,14.1,13.3,13.7,16.9,18.9,18.1,14.1,75,48.6,47.1,46.9,44.9,41.6,56.2,60.2,59.3,46.2,45.9,61.5,58.8,60.8,55.1,182.5,27,34.7
22_F_0284,여,81,173,51.1,71.3,80.1,73.2,54.6,105.4,67.5,93.6,92.9,93.3,91.1,43.1,18.6,18.3,17.9,17.5,19.9,21.5,19.8,17.7,84.4,67.6,57.4,57,51.5,50.9,66.4,68.5,62.4,55.8,72.9,71.9,78.4,67.2,63.1,202.7,32,41.1
22_F_0285,여,72,179.1,59,75.5,77.3,72.8,62.9,106.3,69.1,95.8,101.8,98.4,87.7,46.6,16.4,16.4,16.7,15.4,18.6,18.4,18.5,17.1,80.1,63.6,52.5,53.1,50.8,44.7,61.2,64.5,60.8,51.6,77.7,70.8,62.6,63.3,58.8,192.8,29.1,37.7
22_F_0286,여,75,173,53.3,68,75.9,72.2,57.8,99.3,65.6,97.1,97.1,95.3,87.6,53.1,17,16.6,15.6,17.1,18.2,19.9,18.6,17.3,79.4,61.3,51.2,52.2,48.1,45.5,58.8,64.5,58.7,54.2,67.5,68.9,69.7,63.6,58.9,193.9,29.4,37
22_F_0287,여,74,184.5,54.9,75,74.7,73.1,62.1,104.5,78.2,102.5,109.8,104.2,93.7,42.8,19.4,18.1,18.6,16,21.6,21.9,21.6,18.5,92.3,66.8,59.8,56.7,56,46.8,70.8,68.3,69.3,60.4,76.3,82.7,83.8,79.8,72,224,34.3,48.5
22_F_0288,여,70,169.4,51,66.8,70.8,68.3,59.8,100.8,67.1,96.6,98.6,93.9,86.1,51.9,16.9,17.1,16.4,15.4,18.6,20.1,18.3,16,80.6,61.2,51.8,52.4,51.4,43,61.3,63.7,60.2,50.7,67,71.5,71.9,62.9,57.3,196.3,29.1,38.5
22_F_0289,여,72,170.6,53.6,70.9,74.6,73.2,57.6,101.9,67.2,94,96,91,83.1,51.6,15.9,16.6,15.2,14.9,19,18.7,17.5,15.8,78.7,61.3,48.1,50.8,46.8,41.2,60.7,62.1,59,49.4,66.4,68.9,66.7,63.2,55.9,190.7,28.9,41.1
22_F_0290,여,72,169.2,56.3,73.9,77.3,75.8,58.9,100.8,64.2,88.4,92.1,86.8,79.2,43,17.6,17,16.5,13.7,19.6,18.8,18.3,16.1,83.2,63.6,53.5,54.6,49.7,41.9,62.1,62,60.4,50.6,74,72.5,67.9,65.5,60.4,201,29.1,38.4
22_F_0291,여,76,160.9,50.9,68.3,69.4,67.4,46.9,93.4,61.3,87.5,91.7,86.1,80.2,42.6,14.3,14.4,14.1,13.3,18,17,17,14.2,72.8,56.8,46.1,45.8,44.3,40.3,56.4,55.8,55.5,46.5,60.1,58.9,64,57.8,51.5,174.8,26,34.5
22_F_0292,여,74,159.1,49.4,65.7,71.4,64.7,55.8,91.9,63,86.8,87.7,86.4,75.7,42.9,14.8,15.9,15.2,14.9,18.4,19,18,14.8,76.6,62.4,47.9,50.6,46.3,42.6,58.6,62.5,58.2,49.8,66.6,65.4,72.7,65,57.3,188.7,29.1,37.8
22_F_0293,여,74,163.3,54,69.8,73.4,71.6,60.9,98.8,61.5,86.6,90.2,86,74.9,45.4,15.2,15.6,15.1,14.4,17.9,18.6,17.2,16.2,74.2,60.3,47.3,50.2,46.9,41.6,57.7,61.4,56.7,50.3,67.3,69.1,72.3,62.9,60.3,185.2,27.9,36.6
22_M_0294,남,75,196.3,57.6,83.3,86.5,79.2,61.6,120,80.1,105.3,110,107.2,99.2,46.9,16.5,18.1,16.4,15.8,22.5,21.8,21.4,14.1,88.3,68.3,54.4,58,53.7,47.4,70.7,71,67.9,53.7,79.3,78.4,80.7,80.8,65.3,213.8,32.2,44.5
22_M_0295,남,78,191,60.3,73.3,79.2,77.5,62.7,121.3,79.6,110.5,111.8,101.9,96.5,58.5,19.9,19.9,19.2,17.9,22.3,22.3,20.6,19.6,96.4,76.4,61.9,64,61.9,59.6,73.4,74.6,72.2,70,82.5,92.1,83.4,80.8,78.9,237.2,32,44.2
22_M_0296,남,78,192,57.8,80.9,85.8,83.4,58.9,113.9,79.9,103.8,106.2,101,92.5,48.9,18.8,17.8,18.5,17.2,20.6,21.2,21,18.1,89.7,73.5,58,55.4,54.9,53.7,68.2,67.3,67.4,56.6,81.4,79.7,70,69.7,61.4,222.6,32.3,42
22_M_0297,남,72,191.7,52.4,73.7,82.5,82.6,65.9,107.4,75.1,105.7,109.2,100.9,94,50.6,18.9,18.8,18.8,17.6,20.1,20.5,20.9,17.9,88.7,68.1,56.5,57.9,56,53.8,66.2,65.9,68,60.4,73.5,73.8,71.1,74,64.9,212.5,32.2,45.8
22_M_0298,남,79,180.7,55.5,72.5,75.9,74.6,57.4,115.4,76.9,100.3,104.8,96.3,90.2,47.6,19.2,18.7,18.4,18,21.1,21.3,19.5,18.5,88.6,71.9,58.5,58.8,56.9,57.2,69.7,70.5,67.8,61.3,81.5,78.4,72.5,74.5,65.7,215,36.6,45.3
22_M_0299,남,74,168.6,54.7,67.9,73,70.1,59.8,102,64.9,92,95.6,90.9,81.4,48.8,16.8,17.3,15.8,18.4,18.7,19.7,18.3,19.6,80.9,60.7,50.7,55.9,49.2,52.2,62.1,63.3,61.2,64,70.6,69.4,66.2,65.7,60.8,204,30.6,40.4
22_M_0300,남,81,188.3,59.7,68.3,80.6,82.8,65.9,118.6,76.7,110.1,107.7,99.5,90.8,57.3,20.9,19.4,17.7,19.2,21.5,21.7,21.8,18.7,91.3,71.5,65.8,63,58.1,57.9,68.5,69.2,67.5,60.8,76.8,80,82.8,73.2,70.9,224.1,34.5,42.5
22_M_0301,남,77,179.8,54.7,73,81.3,79,63.8,106.7,70.4,97.4,98.5,95,87.2,52.2,17.4,16.6,16.6,16.7,19.6,19.7,19.3,17.4,85.2,64.3,52.6,52.3,51.1,48.7,64.3,64.3,62.1,56.8,70.2,72.3,71.1,68.4,61.7,205.4,30,39
22_M_0302,남,81,178.6,57.9,75.8,76,78.4,63.8,109.7,74.2,97.1,102.6,94,86.4,43,19,17.9,17.4,17.1,22.4,20.6,20.7,17.4,91.5,68,56.6,56.9,54.3,51.7,72,66.5,67,55.7,87.1,80.6,75.9,76.5,64,221.7,32.9,42.6
22_M_0303,남,82,177.2,56.2,72.4,79,74.6,60.5,109.3,71.7,96,98.2,94.9,89,43.6,17.7,18.7,17.2,19,19.2,20.2,19.3,17.5,85.3,68.1,55,57.7,53.4,52.4,62.8,66,62,56.5,77.3,73,68.9,63.8,60.6,207,30.5,40.1
22_M_0304,남,75,178.2,53.9,69.7,71.4,68,55.4,109.6,75.2,102.1,106.8,99.3,86.9,52,19,18.4,16.9,16.8,21.9,22,20.4,20.1,89.8,75.1,59.1,59.6,57.1,49.5,71.2,71.2,70.1,68.9,83.4,88.6,85.3,80.6,76.3,223.1,35.9,46.3
22_M_0305,남,80,181.1,62.6,74.4,85.7,82.4,60.9,104.5,62.3,95.1,95.5,92.4,89.5,55.1,19.5,19.1,19.1,18.9,22.2,22.4,20.6,19,88,71.9,57.9,59,55.8,55.2,71.5,73.3,68,60,78.9,78.1,80.5,74.5,66.9,215.9,34.6,47.3
22_M_0306,남,81,159.8,50.6,66.8,73.6,64.9,54.4,96.5,61.7,86.2,86.2,88.9,79.7,42.2,18.2,18.7,17.7,15.3,20.4,21.4,18.1,20.8,85.5,67.3,55.4,57,54.4,52.5,69.2,73.3,68.7,69.6,85.7,82.7,86.4,80.9,72.3,213.8,34.8,46.8
22_M_0307,남,72,175,51.4,64.5,74,71,55.6,101.4,68.5,103.2,101,96.3,90.2,58,18.9,17.9,17.3,16,19.8,21.6,19.8,17.1,88.1,68.3,57.9,59.6,58.3,50,65.7,69.8,66.2,55.9,73.7,72.3,73.1,72.1,65.6,210.4,30,43.9
22_M_0308,남,74,171.4,50.9,70.3,75.6,72.1,64,103,71.6,95.3,95.8,92.4,80.2,51.2,17.1,16.6,16,15.5,19.7,19.2,18.6,17.4,82.9,67.4,51.5,51.7,48.9,43,63.9,63,60.8,56.1,73.4,73.4,69.1,69.2,63.5,207.8,33.8,44.9
22_M_0309,남,81,186.2,44.1,71.9,79.3,74.9,55.7,103.7,78.1,104.8,106.9,99.9,93.1,46.9,17.6,17.7,18.2,16.4,20,19,20,17.2,84,63,55.1,58,53.1,49.5,65.7,65.8,66.5,59.3,67.4,66.3,66.4,67.5,61.3,200.6,27.9,39.3
22_M_0310,남,72,178.9,53,68.3,78.7,72.7,55.6,111.4,76.3,102.8,100.2,97.5,90.5,49.7,18.6,18.2,17.8,16.8,20.5,20.4,20,17.5,88.1,69.1,57.9,57.9,54.1,47,67.1,66.4,64.6,52.6,75.5,78.2,79,73.7,63.4,213.2,31.7,44.2
22_M_0311,남,72,192,53.7,72.3,79.7,75.5,59.1,118.2,80.2,110.9,112.4,109.1,100.1,51.4,18.7,18.1,18.6,16.7,21.1,21.6,20.7,17.1,88.3,68.6,57,58,57.4,48.4,68.9,69,66.5,55.1,74.4,75,74.2,72.8,62.8,208,26.9,42.3
22_M_0312,남,73,171.6,45.9,63.3,69.2,66.7,53,102.8,74.5,101.1,102.4,98.5,87.8,51.5,16.6,16.3,14.5,14.7,19.2,19.2,19.1,16.3,86.1,61,51.4,52.4,45.7,43.1,61.4,62.6,60.5,52.1,67.9,69.1,67.3,66.6,61.4,209.6,29.1,42.1
22_M_0313,남,81,167.5,51.4,69.3,66.5,69.7,57.8,101.2,69.5,93.3,101,95.3,84.9,45.8,16,16.5,15.9,15.5,18.4,18.5,19,17.4,82.9,61.2,50.3,51.9,48.4,46,61.3,59.3,58.6,55.9,69.8,65.9,65.8,67.9,63,199.3,26.2,38
22_M_0314,남,74,187.9,52.1,70.5,79.8,74.5,58.4,115.5,79.3,109.1,108.1,103.5,94.7,49,18.7,19.6,18.1,15.5,20,20.9,19.7,16.4,85.7,66.3,56.2,62.5,56.5,45.6,64.8,66.9,62.3,54.5,69.8,71.4,71.8,71.1,63.4,206.9,30.8,44
22_F_0315,여,76,173.5,52.8,72.1,77.1,71,57.6,103.4,66.8,91.4,96.4,93.4,84.8,42.1,15.6,15.6,15.1,16.4,18.8,19.1,17,16.7,81.3,61.2,49.6,50.4,47.9,48.8,62.8,64.1,58.9,54.1,66.2,69.6,66.7,61.1,57.8,193.2,28.3,38.6
22_F_0316,여,71,163.4,51.9,66.5,73.6,69.5,56.8,103.1,66.5,91,89.9,86.9,79.7,42.2,16.6,16.9,15.7,15.7,18.5,20.9,18.5,17.6,80.4,59.5,50.6,51.9,47.8,46.8,61.5,67.4,62.1,57.5,68.4,66.9,68.6,69.2,58.8,199.2,31.2,38.6
22_F_0317,여,77,161.1,51.1,67.1,73.1,66.1,53.7,94,61.3,86.9,88.1,87.7,81.4,49.2,16.6,17.2,15.9,15.2,18.6,19.2,17.8,15.9,78.2,65.9,52.8,54,51.1,46.3,61.9,64.5,61.6,52,74,71.5,71.5,70.3,60.4,187,29.4,37.7
22_F_0318,여,76,168.6,50.7,65.4,71.8,72.4,57.9,95.2,65.4,96.5,96.8,91.4,80.7,51.2,18.4,16.9,16.2,18.1,19.1,19.6,19.6,18,78.4,59.5,52.7,52.4,51.1,50.8,62.2,62.2,63.5,58.9,73,68.6,69.3,70.4,61.5,193.4,28.6,37.8
22_F_0319,여,74,178,55.7,77.5,85.1,80.6,63.2,104.1,68.1,92.9,93,87,76.9,45.8,16.9,17.4,16.3,16.8,19.5,20.2,19.9,17.6,85.2,63.8,53.1,54.1,51,49,66.4,66.5,63.5,54.7,74.9,75.2,66.6,65.4,57.1,208.4,29.8,37.5
22_F_0320,여,70,177.4,55,71.1,70.6,74.4,61.5,106.4,72.8,101.4,106.7,97.4,87.7,49,18.1,18.3,18.3,16.9,21.5,21.4,22.2,17.8,88,66.5,54.8,56.8,54.7,50.6,66.3,67.2,67.1,60.4,76.5,80.5,83.4,80,69.2,215.2,33,44
22_F_0321,여,74,177.5,46.8,60.2,71.9,72.9,62.9,102.6,73.5,107,105.7,100.8,87.7,52.9,16.6,16.7,16.5,15.1,18.5,19.4,19.8,18.2,84.3,63.7,51.1,51.6,49.8,47.9,58.2,60.6,60.1,57.8,66.3,69.3,70.1,69.7,66.5,206.8,27.7,40.1
22_F_0322,여,74,173.6,54.2,66.3,77.1,72.1,60.6,102.8,68.6,96.9,96.7,91.5,79.7,49.5,16.2,18,16.5,14.3,18.1,20.2,17.3,16,80.5,66,53.7,56.5,50.3,47.9,60.9,65.5,60.4,57.2,68.9,70.4,73.7,64.4,59.8,200.5,31.3,38.5
22_F_0323,여,74,168.1,55.1,67.1,74,74.8,60.6,97.4,62,92.1,94.2,88,81.5,51.6,17.6,16.5,15.8,14.7,18.7,19.3,18.9,16.6,80.5,64.9,53.9,53.9,51.4,44.4,61.7,61.9,61.4,51.1,70.8,74.7,68.8,71.3,58.4,195.6,29.6,36.6
22_F_0324,여,80,166.8,54.4,66.6,75.3,71.2,57.4,101.3,65.8,93.4,91.5,86.5,76.6,48.6,16.6,16.3,15.8,14.3,18.8,19.1,17.7,16,75.7,59.2,49.8,51.5,48.7,42.9,59.3,62.7,58.3,53.8,73.7,70.8,67.9,64.6,60.9,190.9,28.3,35.6
22_F_0325,여,73,174.2,55.8,71.2,79.2,71.7,60.5,106.4,67.7,94.6,95,91.9,82.8,46.3,15.1,16.1,14.6,15.6,17.9,19.1,18.2,17.2,80,60.6,48.9,50.4,47,46.6,58.8,60.6,58.2,54.4,68.9,70.9,66.3,62.2,58.9,195.4,26.8,34.2
22_F_0326,여,72,175.8,57.1,75.3,80.7,76.8,64.6,105.2,66.6,91.1,95.2,91.7,85.2,45.4,17.1,17.1,14.8,19.4,20,20.9,18.6,17.4,85.2,67.2,52.5,56.9,50.9,53.2,66.5,69.6,63.9,57.2,73.5,74.1,75.5,71.5,68.7,211.3,33.4,45.1
22_F_0327,여,75,177.1,49.5,76.1,80.2,74.9,59,100.4,71.1,93.3,97,93.1,85.5,47.9,17.5,17.1,17.3,17.4,20.7,19.9,19,17.2,83.9,64.8,52.9,52.9,50.6,48.7,65.2,63.1,62.4,56.5,69.8,70.2,68.7,69.6,58.5,202.9,29.2,38.4
22_F_0328,여,72,176.3,53.8,73.3,79.7,73.4,60.4,106.2,69.9,93.7,96.6,91.2,81,45.6,17.1,16.7,15.4,16,19.9,21.7,18.4,18.2,80.7,64.8,52.8,53.4,48.7,44.3,65.4,68.3,61.7,54.8,69.2,76.4,70.1,68.2,59.7,201.2,29.5,38.2
22_F_0329,여,71,171.1,55.3,72.7,76.9,75.7,58.6,104.8,67.5,91.8,94.3,87.9,82.1,46.8,17.2,18.1,17.1,14.2,19.9,21.5,19.9,16.6,85.8,63.1,52.6,54.4,50.4,43.4,64.6,66.3,61.9,53.8,69.5,70.6,71,68.3,58.7,205.4,29,38.1
22_F_0330,여,76,177.9,50.5,72.5,84.9,81.1,63.9,102.2,69.1,94.2,93.1,89.3,82.4,48,17.3,18.3,17.9,17,20.6,22.2,21.5,18.2,85.2,68.4,53.1,56.3,55.3,52.2,69.9,71.7,67.9,61,68,75.8,82.8,73.6,63.3,209.9,31.4,40.1
22_F_0331,여,79,158.1,51,70.3,77.5,74,58.6,90.9,61.4,79.2,80.7,77.7,70,40.1,16,16.9,13.9,13.7,19.6,20.4,17.7,15.3,78.1,62.4,49.8,52.9,45.7,42.5,63.4,66.6,59.3,52.1,70.4,72.6,73.1,64.2,62.5,193.2,30.7,39.7
22_F_0332,여,73,165.9,51.3,66.6,70.7,69.3,53.2,93.2,65.3,92.8,95.3,89.8,82.6,51.7,17.1,16.2,15.2,14.6,19.3,19,18.8,16.1,80.6,64.5,51.4,52.3,49.9,43.5,63.7,60.6,60.2,51.9,74,77.3,75.2,73,61.9,195.8,32,40.5
22_F_0333,여,81,159.7,51.6,68.2,74.6,71.2,58.2,91.5,62,82.6,85.2,82.7,74.5,42.5,16.5,17,16.3,15.5,19.6,20.2,19.8,17.5,79.6,60.2,47.9,53.5,49,44.9,62.4,65.2,62.5,53.1,69.3,70.4,69,69.7,61.2,197.3,30.9,39.6
22_F_0334,여,82,174.5,47.7,67.2,76.4,68.8,56.8,102.3,74.9,97.9,98.2,92.4,83.6,41.4,16.1,16.4,14.3,15.5,17.4,19.9,17.3,15.3,79.9,58.6,49.7,51.9,46.7,44.8,60.5,67.9,57.5,51.3,66,65.8,67.4,62.6,55.6,195.3,27,36.7
22_F_0335,여,80,167.1,47.6,64.9,70.5,68.8,55.5,95.7,67.8,95.7,96.6,91.7,82.4,47.6,18.1,17,17.1,17.5,20.3,20.4,20.1,18.5,84.4,68.9,54.4,53.6,50.6,51.9,63.5,63.9,62.4,60.7,78.7,75.3,74.9,72.3,63.8,209.8,32.8,43.2
22_F_0336,여,77,175.8,55.2,72.5,76.5,73.4,58.7,102.7,67.2,95.1,99.3,95.6,89.4,48.5,17,16.5,15.3,18.3,19.3,19.4,19.2,17.4,82.8,65.7,52.6,52.5,50,50.2,62.1,63.1,61,55.9,72.7,72.7,67.5,67.3,60.1,200.4,30.3,41.4
22_F_0337,여,70,176.4,56.6,75.1,82.2,82.5,62.3,105.2,68.9,95.5,94.3,87.8,85.3,46.7,17.8,17.3,17,16.4,20.9,21.1,20.4,17.8,85.4,67.1,53.5,54.4,52.5,47.5,67.2,67.2,65.8,57.7,72.7,73.2,74.9,70.1,60.9,208.5,31.4,40.8
22_F_0338,여,74,168.4,49.4,64.5,74.9,71.3,49.3,98.8,67.1,92.3,93.5,89.1,84.7,50.5,15.4,17.1,14.7,15.2,19.5,20.1,19.3,17.5,82.3,59.6,50.9,53.5,49.5,48.6,62.2,64.6,61.1,55.8,65.5,70.4,67.8,66.2,62.7,198.2,27.8,36.4
22_F_0339,여,80,178,58.2,74.7,78.5,76.8,59.5,109.7,69.6,98.5,99.5,92.4,84.5,51.7,18.6,19.2,18.3,17.9,20.8,20.5,19.9,17.7,82.4,70.8,57.8,59.7,57.1,53.5,69.7,68.5,65.9,58.3,71.6,74.5,73.8,70.5,63.4,203.6,30.7,39.9
22_F_0340,여,75,165.2,47.2,65,72.3,65.9,58.3,100.2,70.4,92.2,92.9,89.8,79.1,36.9,15.4,15,14.4,15.1,18.6,20.2,17.5,15.5,78.8,62.4,50.1,51.5,50.5,47.9,61.5,65.3,61.5,54.5,71.5,63.4,67.6,67,59.8,189.8,28.6,40.3
22_M_0341,남,79,178.6,46.6,71.7,79.3,75.4,55.1,108.5,80.4,101.6,99.8,95.9,83.5,45.6,17.8,18.4,18.1,17.5,21.1,20.9,20.4,16.4,85.4,66,56.1,58.5,56.9,51.7,70.9,70.7,67.8,58.7,67.3,78.5,75.6,70.2,65.8,219.9,33.5,44.8
22_M_0342,남,82,170.2,48.5,70.1,74.5,73.9,56.8,104.8,74.8,94.8,95.7,93.7,81.7,44.9,19.7,16,17,16.9,20.6,18.9,20.2,17.3,85.6,66.5,62.8,62.5,55.8,53.8,68.1,68.7,66.1,59.1,72.3,75.5,74.4,70,63,212.7,36.7,46.6
22_M_0343,남,78,177.3,54.2,68.9,80.1,79,64.8,104.2,72.2,98.3,97.3,95.2,88.2,49,17.3,17.6,17.9,18.1,19,20.5,20.5,19.1,86.1,67.7,54,54.9,53.4,51.4,61.5,66.6,64.7,61.1,72.9,70,69.5,67.6,65.2,210.3,30.3,40.8
22_M_0344,남,75,185.1,54,75,79.8,74.8,65.1,106.5,72.7,99.9,105.4,99.3,91.8,55.3,18,18.6,17.9,18.2,21.7,21.1,19.6,19.6,90.3,67,56.5,58.1,55.1,52.9,68.2,68.3,65.4,60.8,77.1,79.4,78.7,75.7,66.2,222.3,32.6,45
22_M_0345,남,73,168.8,46.6,67.2,76.4,71.4,59.5,98.8,68.2,90.2,92.6,87,79,42.1,17.3,17.3,16.8,18,19,19.9,19.2,18,85,62.2,53.4,54.6,52.3,52.6,62.6,64.6,66.8,61.5,71.3,71.7,70.2,73.8,63.8,210,32.3,41.6
22_M_0346,남,81,191.3,58.2,77.3,87.4,79.6,68.3,114.8,74.6,103.5,103.9,102.6,94.1,50.2,17.3,18.7,18.9,17.2,21.7,22.5,21,18.4,93.9,69.7,54.4,58.2,54.4,50.8,69.4,70.2,66.5,60.2,75.1,80.7,80.4,75.8,65.3,228.2,33,45.7
22_M_0347,남,74,184.1,57.7,74.6,80.7,77.8,63.4,110.3,73.9,99.6,103.4,98.8,90,50.5,18.6,15.6,18.5,18.7,21.1,19.4,20.5,19.1,87.3,73.6,60.1,59.5,56.9,52.8,70.3,70.5,69.3,63.5,81.1,76.3,72.5,72.7,68.5,213.7,33.2,46.5
22_M_0348,남,82,180.9,48.5,67.4,79.4,73.4,64,108.5,74.8,101.9,101.5,99.6,91.7,48.2,19.4,20.7,20.5,19.6,20.5,23.5,20.6,18.3,93.7,69.4,60.2,62,58.5,56.1,67.8,74.6,69.3,64.3,74.8,78.8,81.7,77.9,71.9,225.7,34.3,47.4
22_M_0349,남,72,176.7,55.6,76.5,80.1,82.5,61.2,108.6,73.4,93.9,96.6,88.7,85.5,45.8,18.4,18.3,17.8,15.7,21.2,18.4,19,16.7,84.4,70.4,55.7,56.3,55.1,54.3,67.8,66,66.2,67,73.6,77.6,74.5,68.8,67.1,212.4,31.1,42.7
22_M_0350,남,73,188.7,50.7,68.8,81.9,78.4,68.8,113.7,81,106.3,106.8,102.5,91.8,48.6,18.3,18.9,18.7,18.6,20.8,22,19.9,19,89,66.7,56.2,58.8,55.9,53.9,67.8,71.9,69,64,77.4,76.6,84.3,77.7,71.4,217.8,33,47.5
22_M_0351,남,82,189,56.9,75.9,85.7,80.9,65.8,112.2,76.5,105.1,103.3,98.7,92.4,53.3,20.2,20.3,19.1,18.8,23.8,23.4,20.4,20,94.1,70.1,60.2,62.5,56.4,54.1,77,75.1,68.5,61.8,74.5,82.6,82.9,74.1,68,228.7,33.9,44.3
22_M_0352,남,77,165.5,47.5,61.6,70.7,70.2,55,100.9,69.8,94.8,94.9,91.5,85.9,52.2,18.1,19.2,18.3,16,22.2,19.9,19.4,15.3,84,69.1,58,60.6,57.2,50.2,72.9,69.3,66.7,54,68.1,71.6,67.2,67.1,55.9,199.2,29.5,39.9
22_M_0353,남,80,180.3,53.9,69.4,79,75.7,60.3,110.6,74.4,100,101.3,95,88.6,48.8,19,19.7,19.3,17.8,22.2,23.3,21.3,18.5,95,70.5,59.3,61.7,59,55.1,72.7,74,72.9,65.5,79.5,85.3,84.8,81.7,71.3,229.1,36.5,48.5
22_M_0354,남,74,170.1,47.5,64.6,76.2,72.9,59,99.1,70.7,95.7,93.9,89.7,81.9,47.5,18.2,19.3,18.2,18.5,21.7,21,20.7,20.4,90.9,67.4,55,58.6,54.9,53.8,66.5,70,68.5,65.4,71.6,78.1,83.3,75.5,69.8,222.9,32.3,42.4
22_M_0355,남,84,181.7,53.5,71.8,78.9,80.4,65.2,110.8,75.7,102,102.8,94.4,84.5,51.1,18.6,20.6,18.7,16.6,21.5,21.5,20.6,17.4,89.8,69.6,57,62,58,53.5,69.6,72.4,69.3,61.3,70.7,75.7,77.7,73.3,63.8,220.6,34.2,46.1
22_M_0356,남,77,185.1,57,74.7,83.5,80.6,65,111.5,74.3,101.6,101.6,96.3,86.5,49.3,18.8,20.3,17.5,17.9,19.9,22.1,19.3,17.6,90.6,69.5,55.8,61,54.1,51.3,67,71.5,65.7,55.9,73.2,73.7,71.8,71.7,60.3,217.6,31,41.1
22_M_0357,남,76,179.9,52.5,70.7,77.5,69.1,61.3,109.2,76.5,101.6,102.4,100.1,88.7,47.4,18.6,18.9,18,18.8,22.8,22.6,21.1,18.5,92.1,69,55,58,54.7,51.8,69.2,72.4,66.3,61.8,69.7,78,80.6,77.7,62.6,220.8,32.3,43.3
22_M_0358,남,73,171.5,53.9,70.8,71.6,74.1,63.8,107.5,70.1,98,100.1,95.5,85.4,50.4,20,17.7,17.5,18.3,19.7,19.6,19.4,17.7,83,73.7,60.1,55.8,54,54,65.7,65.5,67.1,58.4,74.2,75.4,71.3,70.2,64.1,206.8,33.2,43
22_M_0359,남,75,169.9,54.5,75.3,75.5,72.3,56.4,107.3,69.3,93.4,94.5,94.7,84.7,46.7,17,18.7,18.7,17.8,19.7,21.2,19.5,17.6,86,69.3,52.4,56.4,55.1,52.4,64,66.8,62.7,59.6,73.2,74.2,84.5,67.8,66.7,210.9,32.7,44.3
22_M_0360,남,80,180.2,53.1,70.5,78.9,76.8,62,105.4,71.5,100.1,101.4,96.7,87.8,50.3,17.5,18.1,17.3,16.1,19.2,20.3,20.6,17,85.3,60.9,53.4,56.1,54.7,48.2,62.9,65.7,66.7,58,70.5,73.2,73.4,74.8,64.9,210.5,32.1,40.3
22_M_0361,남,81,175.5,51.2,66.7,78.5,76.3,60.2,109.8,75.1,100.2,97.3,91.3,82.8,46.1,19.4,19,18.2,18.4,21,20.4,19.7,19.4,86.5,70.3,60.2,59.7,55.6,53.9,66.5,67.9,67.6,62.6,74.4,75.7,74.1,70.6,66.7,213.8,33,43.9
22_M_0362,남,72,199.3,56.8,77.7,90.3,76.8,58.4,122.2,83.8,109.9,109,107.2,101.4,50.3,19.8,20.1,18.8,17,21.2,23.2,19.4,17.3,88.7,76,60.9,62,57.8,49.4,70,75.5,68.1,55.2,78.4,71.9,76.2,71.2,61.6,208.4,28.7,42.3
22_M_0363,남,70,174.4,43.1,57.2,72.3,70.3,47.4,104.6,80.4,106.2,102.1,96.8,93.5,45.6,20,19.3,18.4,17.3,22.4,22.8,21.3,19.7,93.4,74.3,58.2,60.2,57.1,54,68.8,72.9,68.6,60.4,77.2,79.2,83.8,78.3,67.5,219.8,29.3,45.1
22_M_0364,남,80,181.8,56.4,68.7,74.3,77.7,63.5,112.2,72.1,104.6,107.5,97.9,88.3,51.4,17.7,17.9,16.6,17.2,19.6,20.4,19.8,16.7,83.7,69.8,58.7,60.5,56.6,52,68.6,67.2,65.1,56.3,77,73.7,71.8,69.3,62.6,206.2,30,41.9
22_F_0365,여,81,176.6,51.6,70.6,78.2,73.6,59.7,104.5,71,97,98.4,96.3,84.2,49.3,17.6,17.7,16.3,16.9,18.2,19,19.4,15.8,83.4,62.4,54.4,54.9,50.7,48.6,59.7,62.2,60,52.8,66.1,67.2,65.4,62.3,59.1,203.9,31.3,39.1
22_F_0366,여,81,157.9,53.5,67,72.1,72.6,55.1,96.7,62.3,88.2,85.8,82.8,77.5,44,17.3,17.4,16.2,17.1,18.6,18.8,19,17.7,78.7,64.6,55,55.8,48.9,51.6,61.9,62.5,63,57.8,69.9,67.1,66.9,65,61.2,194,28.2,37.2
22_F_0367,여,81,165.8,47.6,65.6,71.6,70.1,58.5,96.4,65.4,92.5,94.4,88.6,79.3,44.5,16.3,16.2,15.2,15.3,18.8,17.5,17.9,16.3,77.2,60.7,52.7,52.2,49.8,48.2,61.6,58.8,59.8,56.4,63.3,63.8,61.6,64.2,61.9,192.1,28.8,34.9
22_F_0368,여,80,166.7,50.9,66.5,72.6,69.9,56.6,97.2,67.7,94.2,94.2,89.6,80.7,49.3,17.9,16.9,16.1,16.6,19,20,18.3,16.3,79.3,65.6,55.2,52.9,51.1,48.5,61.9,65.4,61.2,54.8,66.7,70.1,68.1,64.9,62.5,192.8,28.7,37.3
22_F_0369,여,79,175.1,56.5,74.9,78.6,72.6,55.1,108.4,73,95.5,96.6,92.9,89.6,44.9,16.1,15.7,15.8,16.2,18,18.5,17.7,15.8,82.5,60.6,49.7,49.7,48.3,47.4,61.6,60.9,58.6,52.6,67.3,70.3,65.6,63.7,58.1,200.6,27.9,39.9
22_F_0370,여,73,160.9,49.8,71.6,73.6,72.5,41.6,98.6,66.5,84.4,87.3,82.1,70.2,37.9,16.5,16.7,16.5,16.9,19.4,20.8,18.9,16.3,77.8,63.1,51.3,52.9,50.3,50,63.8,67.3,63.8,53.3,67.9,69.5,69.2,67.1,56.9,193.1,28.7,37
22_M_0371,남,73,177,53.1,68.3,73.5,70.8,61.2,105,69.3,97.9,103.5,99.9,92.2,49.5,20.8,21.1,20.3,19.3,20.7,22.2,19.2,19.4,91.4,71.7,63.7,62.3,59,56.3,70.4,70,66.7,63.8,73.7,79.2,78.3,74.2,66,218.1,34.2,43.7
22_M_0372,남,84,176.2,54.5,73.2,80,75.8,65.6,111,72.5,94.9,96.3,91.3,83.1,51.7,18,18.3,17.5,17.3,21.5,21.1,19.7,18.8,85.5,70,56.1,58.4,54.6,51.3,68.1,68.4,66,61.1,69.5,77.7,68.5,67.2,64.7,209.4,32.2,42.3
22_M_0373,남,75,184.6,53.5,75.4,84.1,84.3,65.9,114.1,77,101.4,100.5,94.5,90.3,49.8,18.8,18.9,18.9,18.7,20.9,22.9,21.2,18.9,91.1,69.5,58.1,59.7,56.8,55.7,69,74,71.5,62.2,71.6,78.7,80.8,73.9,68.8,221.1,33.7,45.3
22_M_0374,남,71,187.1,56.2,78.6,85,82.2,66.4,111.2,73.5,101.3,102.2,97.5,92.8,49.2,17.8,18.7,18.4,18,19.7,20.6,19.6,17.4,89.3,69.2,56.2,58.2,55.8,51.5,67.2,68.5,67.7,57.7,71.8,76.4,78.3,70.6,62.1,216,32.3,41.4
22_M_0375,남,76,177.4,58.4,72.6,80.4,75.7,58.6,112.4,73.9,98,97.3,93.4,88.7,49,19,19.2,19.1,17.8,20.3,22.6,21.4,17.9,93.6,70.1,58.3,58.9,56.6,59.5,69.7,72.9,71.6,61.8,72.9,77.2,75.8,76.8,66.7,230.6,36.6,51
22_M_0376,남,71,194,54.4,77.6,87.1,80.2,65.9,113.4,77.5,106.7,107,101.2,89.7,54.1,18,18,17.3,17.2,20.4,21.2,20.4,18.6,89.5,69.8,55.9,56.6,53.6,50.7,67.2,68.3,65.8,57.1,79.5,77.7,75.8,77.1,69.7,221.8,34.1,44.9
22_M_0377,남,71,181.4,55.6,71.1,80.6,75.4,59.5,110.3,73.3,99.8,100.8,95.7,89.2,46.8,17.6,18.5,18.1,17.7,19.7,21.8,18.2,17.6,88.1,69.1,53.3,56,51.7,52,65.9,68.8,63.4,59.6,70.9,69.5,68.9,72.2,62.1,211.6,30.8,41.2
22_M_0378,남,71,181.8,54.4,75.4,83.8,79.7,61.2,112,74.8,97.7,98,95.4,88.7,45,19.9,20.2,19.3,18.6,22.7,22.6,22.6,19.8,92.6,72.4,60.8,62.8,61.4,54.5,74,77,75.4,64.1,77.8,84.9,81,79,72.5,229.8,35.8,49.2
22_M_0379,남,73,176.2,53,72.9,75.9,70.5,58.5,105.8,71.3,97.3,100.3,97.3,88,48.1,17.4,17.3,16.5,15.6,19.7,20.4,20.8,17.7,87,64.3,52.1,53.4,51.1,47,65.3,68,65.4,59.7,64.7,74.7,72,73.8,62.1,216.7,31.2,41.9
22_M_0380,남,75,179.5,56.3,73.2,75.1,74.4,58.2,109.2,71.7,99.8,104.3,98.5,90.5,51.1,18.5,17.6,17.2,15.9,21.5,20.4,19.3,16.5,84.3,65.9,55.9,55.3,52.2,45.5,68.5,64.9,62.2,55.2,70.6,74.3,68.8,67,61.5,206.8,30.1,40.2
22_M_0381,남,70,187.4,59.4,75.7,85.6,78.8,59.5,116.5,75.6,101.8,101.9,98.2,95,49.3,19.1,19.8,19.4,19.3,21.7,23.2,23.6,18.8,94.1,76.5,59.8,60.3,60.9,57.3,73,75,74.9,62,82.7,87.8,93.2,83.3,72.6,227.4,34.7,49.1
22_M_0382,남,73,183.6,57.6,72.2,82,78.5,66.1,116.4,74.8,102.9,101.6,95.3,88.4,50,15.1,16,16.7,14.9,17.9,19.8,19.2,16.1,82.9,63.3,48.9,51.8,51.8,46.1,61.8,65.4,65,53.4,64.1,68.7,64.2,67.4,56.3,202.5,29.4,39.4
22_F_0383,여,78,169.6,49.4,71.1,77,69,52.4,101,68.7,92.1,92.6,92.4,85.5,46.7,15.3,15.4,15.3,14.6,17.9,19.2,19.2,14.8,81.7,61.2,48,49.9,48,43.4,59.2,61.9,59.8,48.6,64.4,68.3,64.2,65,52.5,194.7,28.4,37.8
22_F_0384,여,71,172.6,55.6,69.5,73.9,71.9,58.4,102.7,66.7,97,98.8,93.4,85.6,54.3,16.8,17.1,17.3,15,18.8,19.3,19.3,18.1,84.2,62.8,51.1,52.2,50.6,45.8,62.7,63.3,61,56.6,75,74.3,72.8,70.8,63.4,203.1,29.1,39.7
22_F_0385,여,76,164.7,50.7,67.4,72.5,72.2,58.3,98.8,67.8,90.1,92.2,87.7,79.4,46,17.8,17.9,16.1,16.6,20.3,19.3,20,17.6,81.6,64.8,55.3,56,50.3,50.4,63.6,62.3,63.4,56.4,71.2,72.1,68.9,65.7,62.3,199,29.5,37.2
22_F_0386,여,74,155.1,50.6,61.9,66.7,63.3,50,94,65.6,89.3,88.4,84.6,77.4,46,17.6,15.8,15.4,17.3,19.1,19.5,18.9,18.5,81.1,63.1,54.3,52.2,49.8,50.8,61.5,63.6,59.1,58,69.1,72.1,72.4,65.9,66.9,196.8,29.4,36.6
22_F_0387,여,77,167,48.8,66.7,72.5,74.3,61.1,103.6,70.8,93.7,94.6,87.9,78.8,41.6,15.8,15.6,14.8,15.8,19.2,18.6,17.6,16.8,77.5,59.6,49.3,51.1,47,46.8,59.1,60.1,58.7,52.6,64.7,63.5,60,65.1,59.8,193.6,27.6,37.2
22_F_0388,여,70,166.4,50,66,73.1,72.6,57.1,94.4,62.4,92.1,93.3,84.8,75.7,47.2,16.2,16.3,15.7,13.5,17.8,18.3,16.7,14.5,73.5,58,48.1,50.7,47.5,42,58.1,62,58.3,49.2,69.4,66.3,65.4,63.6,55.6,181.9,27.4,34.8
22_F_0389,여,74,175.8,55.6,75.1,78.8,68.8,51.9,103.4,67.6,92.9,97.1,91.8,80.2,49.5,18.5,17.8,16.4,16.7,19.2,20.8,19.3,15.7,79.6,64.6,54.9,54,51.8,49.5,65.7,66.7,61.8,55.8,70.9,72.8,69.4,65.9,57.9,199.1,30.4,37.2
22_F_0390,여,74,181.5,54.7,69.6,78.8,76.1,64,114.7,75.4,101.9,102.8,97,86.9,46.7,16.9,16.7,16.6,16.6,19,20.2,19.6,18.3,84.5,63.4,53.1,52.7,51.5,50.3,62.5,64,61.7,57.9,68.5,72.2,71.8,73.3,63.1,206.1,30.5,38.8
22_F_0391,여,81,165.1,51.9,65.3,66.3,64.1,54.7,97.1,65.6,93.3,98.8,93.3,80.9,49.9,19.2,17.5,18,18.3,19.7,20.7,17.9,18.3,83.3,72.4,57.6,54.7,52.7,56.4,63.5,65.5,61.1,60.7,74.3,72.7,76,67,65.8,202,30.8,39.7
22_F_0392,여,83,158.3,47,62.5,67,65.8,57.5,94.4,66.6,90.5,91.2,84.2,75.2,44.2,18,15.1,16.2,16.6,19.9,18.8,19.1,17.9,77.3,66.7,56.8,57.3,54.9,52.3,66.1,65.6,64.7,57.9,73.3,74.1,68.2,68.4,63.6,194.5,30.4,37.9
22_F_0393,여,71,169.2,51.4,74.6,79.9,74.7,56.1,100.6,69,88.2,89.3,88.6,83.4,38.4,17.8,17,17,17,19.1,20,19.2,15.6,83.7,63.9,53.8,54.2,51.8,49.9,63.9,64.1,62.4,55.4,69.7,69.8,68.9,66.5,61.3,200.5,28.9,37.2
22_F_0394,여,74,172.8,54.5,72.2,77.8,73.9,60.5,103.2,66.3,95.9,95,91.8,85.4,46.5,15.4,15.7,14.7,16.1,18.3,19.1,17.9,16.2,80.5,60.9,49.3,49.9,49.3,46.4,60.8,61.9,59.5,57.4,67.9,66.1,62.9,61.2,58.1,196.1,27.7,35.7
22_F_0395,여,78,173.1,53,71,76.6,72.3,61,104.4,68.6,94.4,96.5,89.8,79.7,48.8,18.8,17.6,17.7,17,19.6,19.8,20.5,18.6,83.7,65.3,58.1,54.3,53.6,49.4,67,66,66.5,59.4,72.3,76.4,76.8,77.8,65.6,205.3,32.1,39.7
22_F_0396,여,77,176,52.9,72.9,78.3,73.7,59,102.9,68.8,93.9,97.7,93.9,86,45.3,17.8,17.5,16,16,19.4,21.4,20.1,17.2,83,66.6,56.6,55,51.7,50.1,64.1,68.3,63.7,56.1,71.1,72.1,72.8,69.8,60.7,199.6,30.5,40
22_F_0397,여,74,164.1,50.4,74.1,72,73.6,53.8,101.3,69.8,88.9,92.3,88.9,79.9,40.3,18.1,16.7,16.9,16.4,20.8,18.2,19.1,16.5,81,65.9,57,60.8,58.5,51.6,69.3,70.5,66.5,53.9,69.4,77,83.6,73.3,62.1,203.9,32.2,43.7
22_F_0398,여,71,173,55.2,71.7,82,77.5,63.1,105.3,69.7,92.4,91,88.5,80.6,47.5,17.9,17.7,16.5,16.7,19.9,21.3,19.7,19.1,81.9,67.7,54.3,55.2,53,51.6,66.4,70.5,66,60.1,71.3,73.9,70,73,65.7,200.2,32.4,42.1
22_F_0399,여,78,161,49,63.9,70.4,69.3,53.4,100.9,69.8,89.6,90.8,86.5,79,47.6,17.2,15.5,15.6,15.5,19.3,18.7,19.2,17.3,76.2,58.8,54.3,51.1,50.8,49.2,61,61.2,60.5,56.2,64.6,70.7,73.9,75,63.5,189.6,30.6,38.2
22_F_0400,여,82,171.5,50.5,65.6,73.4,69.3,56.4,103.1,73.1,95.9,98.2,93.7,84.6,44.7,17.3,16.9,16.7,15,18.9,18.5,19,17.4,84.1,62.1,53.1,53.5,51.6,44.2,61.8,61.7,60.4,59.5,67.2,72.1,68.9,72.4,64.3,206.5,29.9,42.5
22_F_0401,여,74,165,49.3,65.5,74.2,71.2,59.6,96.7,66.7,87.2,91.1,88.1,76.1,41,15.6,15.4,14.7,16.5,19.5,18.9,17.8,17.5,74.1,60,47.7,50.9,47.5,48.8,62.1,63.6,58.9,57.3,67.9,66.3,61.8,63.2,60.6,187.9,29.8,36.7
22_F_0402,여,72,178.3,54.4,73.7,75.5,73.2,62.4,105.5,69.4,99.2,102.7,95.3,85.4,54.3,17.8,17.3,17.3,15.9,20.3,21.5,20.5,18.3,86.7,65.6,54.1,52.8,52,47.6,66.6,68.1,67.3,59.6,70,71.7,69.5,72.7,64.6,213.6,32.1,40.8
22_F_0403,여,80,188,54.6,76.1,81.8,81.5,68.7,112.6,72.7,105.9,106.3,99.7,90.7,53.8,19.6,18.3,17.2,17.7,20.9,21.4,20.2,18,86.9,69.8,59.8,58.1,54.7,52.4,68.9,68.8,66.7,59.9,75.5,76.1,71.7,69.8,67.6,210.9,31.4,41.9
22_F_0404,여,75,169.6,56.5,70.3,76.1,69.7,56.7,105.5,67.2,92.3,93.5,90.9,80.7,45.5,15.3,16.4,15.3,15,17.4,17.3,15.8,15.6,78.6,61.6,50.1,50.7,47.5,44.8,59.6,59.6,54.9,54.4,63.9,66.6,65.6,63.6,59,191.1,29.9,36.6
22_F_0405,여,74,179.2,51.5,71.6,77.8,77.9,47.6,110.4,75.7,100.6,101.4,96.1,77.9,44.4,17.1,16.5,15.3,14.6,18,17.8,18.2,15.9,76.5,61.1,52.1,52,47.1,42,60.2,63.1,59.9,50.1,66.2,66.1,64.7,64.5,58.8,191.9,28.7,36.9
22_F_0406,여,72,162.8,47.4,66.3,69.4,65.8,52.8,97,69.4,89.5,93.7,87.8,79,39.6,17.4,17.4,15.7,17.4,19.1,19.2,17.5,18.1,80.5,65.1,53.1,54.3,51.2,50.1,61.2,63.7,59,56.5,82.6,70.7,67.8,66.8,62.2,200.5,31.8,38.5
22_F_0407,여,71,172.9,45.4,64.9,73.2,70.5,55.6,101.3,75.5,101.9,99.7,94.4,88,50.3,15.9,16.3,15.7,14.4,17.9,17.3,17.6,15.3,83.9,62.1,49.2,53.5,49.1,44.2,57.5,58.9,56.6,48.3,62.5,68.1,63,63.3,59.1,197.7,25.9,36.9
22_F_0408,여,70,160.3,44.7,64.9,66.8,63.8,49.6,98.7,70.6,92.6,93.6,86.7,81.2,43.7,18.2,16.8,14.8,15.4,20.2,18.9,16,15.9,79.4,60.4,54.4,51.6,46.4,46.6,64.4,61.9,56.8,52.3,65.4,72.2,73.4,70.8,57.7,187.3,27.7,40.4
22_F_0409,여,70,171.7,53.3,66.8,74.4,71.5,55.4,114.4,75.9,99.4,97.4,93.9,88.8,46.2,16.4,16.9,16.3,15.6,19.7,20.5,18.7,15.7,84.8,62.2,51,52.3,51.2,45.4,61.7,64.2,60,49.3,70.7,67.3,64.7,66.6,59.4,200.8,28.4,39.5
22_F_0410,여,70,177.2,53,66.4,74.2,73.4,57.9,115.8,74.9,102.9,103,96.3,88.8,46.4,16.9,17.7,16.5,17.7,17.9,19.1,19.7,16.5,85.6,60.6,53.4,56.6,52.5,53.3,60.5,61.7,60.5,52.1,64.4,63.7,64,68.7,59.8,201.9,26.7,39.8
22_F_0411,여,70,162.5,48.4,63.2,69.4,66.3,41.5,100.6,70,92.9,93.2,88.5,85.2,47,16.5,17.5,16.1,17,19.6,21.4,18.2,17.5,83,61.9,52.9,53.3,49.6,50.6,64.5,66.3,63,57.6,66.2,71.9,79.1,71,65.1,198,27.8,41
22_F_0412,여,71,166.7,49.1,63.2,75.4,69.4,52.5,100.2,69,92.4,91.3,88.5,83.9,44.2,14.5,14.8,13.5,14.1,17.7,19.3,16.9,13.7,79.2,58.9,44.8,46.8,44.5,41.5,57.5,61.1,56.5,45.9,61.5,61.7,61.6,62.5,54.7,187.1,26.4,36.9
22_F_0413,여,71,168.9,52.8,67.3,71.5,68.3,58.4,100.5,67.7,96.7,97.4,91,81.3,49.6,15.8,14.8,14.8,17,18.2,19.2,18.1,16.5,82.3,61,50.5,51,48.6,51.4,59.5,61,58.5,55.5,66.9,68.7,65.1,65.3,63.1,196.7,27.3,38.4
22_M_0414,남,72,187,53,74.4,78.9,72.1,53.7,107,76.3,102.8,108.1,103.1,99.4,48.9,19.1,19.8,17.9,16.8,21.7,22,20.5,18.7,91.2,70.6,59.2,62,55.9,53.3,71.2,72.1,68.3,61.7,98.5,87.4,84,84.9,70.7,216.7,34.6,51.2
22_M_0415,남,73,178.7,50.4,70.6,77,66.3,48.8,106.9,76.8,97.9,101.7,99.2,93.2,43.8,17.5,17.8,17.5,16.3,21.4,21.7,20.4,17.5,89.9,66.7,54,56.4,53.3,49.4,68.4,69.9,66.5,58.1,73,83.3,75.9,73.1,65.5,211.2,31.2,43.7
22_M_0416,남,70,177,49.3,68.6,69.2,71.1,52.7,105.4,78.4,101.3,107.8,98.7,92.2,45.9,20.4,16.4,19.1,17,26.7,17.3,20,17.8,91.4,70.4,59.3,57.8,57.7,52.4,79.5,66.4,68,58.9,79.7,99.6,72.2,75.9,67.6,218.7,34.2,44.6
22_M_0417,남,83,180.5,48.4,62,72.1,70.7,58.7,104.5,77.5,107.7,108.8,101.5,89.6,50.9,19.2,20,19.5,18.6,20,21.6,22,18.2,93.6,71.5,58.9,62.5,60.1,51.9,66.4,69.1,69.3,59.8,79.8,76.1,74.8,76.8,68.4,226.4,28.9,42.6
22_M_0418,남,84,177.5,54.1,71.1,76,72.2,57.5,108.9,72.4,99.3,101.6,94.5,87.5,50.4,17.7,17.4,17.5,16.7,21.1,20.6,20.4,17.9,88.9,66.5,53.3,54.1,51.9,49.8,65.6,64.5,64.4,55.9,68.3,72.7,69.4,75.5,62.5,210.2,29.3,39.5
22_M_0419,남,73,182.5,52.6,76.3,80.4,74.1,52.6,123.7,81.8,104.7,102.6,98.4,93.2,36.7,19.1,19,19,17.5,22.2,21.8,22.9,18.2,89.1,66.8,62.7,61.8,59.7,55.1,71.6,73.2,75.4,63.5,78.6,79,78,78.2,73.6,217.9,33.2,44.5
22_M_0420,남,80,196.7,58.3,72.7,85.2,81,62.6,123,83.5,112.2,111.6,108.9,106.8,47.5,20.2,21.5,20.7,21.1,22.7,23.6,21.8,20.7,105.3,74.1,62.8,65.5,62,61.5,72.7,75.2,70.7,64.9,85,93.5,90.2,84.1,79.8,243.3,31.3,45
22_M_0421,남,75,186.5,52.9,66.3,72.9,75,57.6,106.7,74.1,110.5,113.8,104.4,99.5,55.2,17.9,19.3,18.6,18.4,21.4,22.5,20.4,19.1,91.7,69.5,58.9,59.9,55.4,53.4,70.2,70.5,68.6,60.8,78,74.7,77.6,73.7,64.9,215.2,27.4,46.5
22_M_0422,남,77,185.2,55.6,72.1,72.3,71.5,54.9,110.4,76.2,106.5,112.9,106.1,100.5,53.3,19.7,20,19.2,18.5,21.9,21.3,21.4,18.1,100.8,71.6,60.6,61.5,59.2,57.1,71.4,69.4,69.2,60.1,82.5,85.6,82.3,83.5,70.7,235.3,28.6,43.4
22_M_0423,남,79,175.3,49.8,67,73.4,71.2,48.9,108.4,77.6,102.6,101.9,99.6,94.1,48.9,17.2,18.4,17.7,16.2,21,22.4,20,18.3,90.8,69.7,53.2,56.6,53,46.9,68.1,70.5,66.2,55.4,77,79.7,79.1,72,67.3,212.7,30.5,41.9
22_M_0424,남,79,174,41.1,59.7,71.9,74.1,54.8,97.7,72.6,103.2,102.2,93.2,80,52.4,19.9,19.5,18.8,16.4,20.2,21.3,21.2,15.5,86.2,64.5,60.6,61.6,57.6,48.2,65.1,68.8,70.3,55.8,74.1,74.5,76,81.9,68.8,216.2,32.1,43.1
22_M_0425,남,74,184,51,65,78.4,71.8,56.3,110.6,77.6,105.3,105.7,103.8,90.2,49.6,17.4,18.2,18.3,17.4,19.8,22.3,22,18.1,90,72.1,53.5,56.5,55.7,52.2,63.6,70.4,68.3,59.3,79.6,69.3,72.6,76.9,61.9,216.4,29.8,43.1
22_M_0426,남,78,187.3,56.2,73.5,84.7,76.2,56.6,112.5,76.6,103.7,102.7,101.4,95.7,53.2,19.1,19.1,18,17.4,20.2,22.2,20.1,17,89.8,69.6,56.9,60.8,56.7,51.2,67.3,70,66.5,56.7,75,77.3,76.4,71.1,63.7,215.8,32.5,46.8
22_M_0427,남,70,178.1,50.6,67.5,71.6,69.4,55.7,107.9,77.7,103.6,106.5,100.4,89.9,50.4,16.5,17.3,17.8,16.1,20.3,18.5,20.3,17.6,87.7,68.4,52.7,58.1,54.7,50.1,66.5,66.1,65.6,59.2,71.9,70.7,72.4,70.6,64.5,206.8,29.1,42.8
22_M_0428,남,73,172.2,53.6,58.6,61.1,61.1,53,110.5,76.8,107.7,111.1,104.2,92.2,52.6,19.3,19.3,17.7,19.5,20.7,21,20.3,18.7,90.7,75,60.7,60.5,57.3,58.1,66.7,67.6,66.3,64.3,86.3,76.8,75,81.5,76.5,212.6,30,42.8
22_M_0429,남,72,180.6,50.9,71.7,79.1,73.8,58.8,111.6,77.1,101.8,101.5,97.1,90.5,45,19.6,20.3,19.3,19.3,20.8,23.3,22.2,18.6,95.2,73.5,60.3,64,60.9,59.4,68.5,73.5,70.3,60.7,82.2,75.1,74.9,77.3,70,224.2,32.5,45
22_M_0430,남,76,179.4,51.5,70.3,79.4,75.8,56.5,110.7,76.9,103.4,100.1,94.3,88.7,51.1,18.1,18.4,18.2,16,20.1,22,21.5,18.5,91.3,67.2,55.7,58.2,55,46.1,67,71.2,68.9,56.4,74.4,74.1,73.9,74.6,65,216.8,28.7,40.9
22_M_0431,남,74,187.5,47.1,70.7,75,66.2,53.1,111.9,81.8,108.8,112.5,109.8,100.8,50.3,19.8,19.3,19.1,18,22.6,22.2,19.6,18.4,94,73.3,61.3,62.6,61.9,55.4,71.4,73.1,66.8,59.2,77.7,79.6,79.4,78.2,70.4,221.2,32.7,49.7
22_M_0432,남,74,195.7,51.8,71.5,79.2,76.6,62,120.2,87.2,114.5,116.5,109.6,100,46.9,18,17.5,17.1,16.8,20.9,20.5,20.6,18.9,91.8,67.2,54.2,56.2,52.3,49.6,65.2,65.5,64.6,61.8,74.8,75.3,74.4,76.8,69.3,216.6,29.3,44
22_M_0433,남,74,186.1,56.4,68.2,79.3,74.9,63.7,111.2,73.8,107.3,106.9,101.4,88.1,56.8,16.3,17.5,16.4,17.2,19.1,20.7,19.8,18.5,88.1,65.8,52.9,54.4,52.3,50.6,63.5,67,63.7,59.2,73.3,71.4,73.1,72.1,69.9,218.3,30.5,40.3
22_M_0434,남,74,169.8,49.4,64.7,69.8,66.3,54.7,104.9,74.7,98.8,100.1,96.9,90.6,47.1,18.2,18,18.8,17.5,20.5,20.7,19,17.1,90.2,67,55.7,57.2,55.9,49.9,65.4,66.9,62.4,55.1,74.3,73.5,73.7,71.9,66.3,208.4,27.7,39.7
22_M_0435,남,74,191.2,59.8,75.6,83.2,79.6,63.2,121,77.8,108.3,108,104,97.4,51.5,19.7,20.1,19.6,19.5,21.3,22.3,21.3,20.6,95.2,70.8,58,61,57.3,56,69.5,72.8,70.6,67.8,81.9,78,80.6,77.7,74.2,223.7,29.3,41.8
22_M_0436,남,74,189.2,54.3,71.6,81.9,77.1,63.2,119,80.6,108.3,107.4,104.6,99.1,49.9,18.1,19.3,18.7,20.4,20.9,22.2,21.1,19,95.9,70.5,55.3,59.5,56.7,56.4,67.4,70.6,69.5,62.4,72.8,71.3,72.3,73.1,66,224.8,30.8,45.9
22_M_0437,남,70,179.4,51.1,73.1,79.2,73.6,52.7,115.8,82.2,99.2,100.4,97.7,93,41.4,19.3,19.1,18.4,16.9,17.2,24.4,21,19,90.3,72.9,59.8,60.3,58.6,51.5,69.7,77.1,70.9,56.6,76.8,76.6,89.7,79.4,65.7,221.8,35.9,49.9
22_M_0438,남,72,170.2,50.9,60.4,69.9,66.3,52.2,108.9,73.2,101,100.3,94.8,89.3,49.9,16.9,17.7,17.3,17.4,18.8,19.9,18.2,16,85.7,70.6,53.3,55.9,52.8,51.7,61.5,63.9,60,54.2,70.8,70.4,67.8,67.9,59.3,200.6,27,42.1
22_M_0439,남,72,189.2,55.2,75.8,83,77.8,59.4,119.3,81.3,106.4,106.3,102.7,97.2,47,17.5,18.7,16.8,16.6,20.2,21.1,18.6,17.5,92.8,69.5,53.7,57.3,54.1,47,65.9,67.4,62.5,54.8,74.7,75,70.7,73,67.8,219.3,29.7,44.1
22_M_0440,남,73,184.4,44.5,67.8,68.9,73.3,52.3,108.3,82.8,109.9,115.8,105.4,94.6,48.8,18,18.8,19,20.1,21.2,22,21.5,20,89.3,66.9,55.3,60.3,58.5,57,67.8,68.6,69.6,64.3,76.7,75.1,75.5,75.1,68,216.7,31.5,47
22_M_0441,남,74,180.4,54.4,70.6,75.2,68.3,63,113,77.2,102.3,105.3,101.6,84.9,51.1,18.7,18.5,18.1,18.2,22,22,21.6,20.1,87.4,71.6,58.2,58.3,56.5,53,70.3,69.4,66.9,62.7,76.4,80.8,76.4,75.9,68.4,220,34.1,44.6
22_M_0442,남,72,171.6,47.9,62.2,67,65.3,49.3,101.4,74,104.9,104.7,100.3,94.9,52.2,18.2,17.9,17.9,16.6,19.9,20.3,20.6,17.3,90.7,71.4,56.3,56.3,56,52.3,63.9,66.3,64,56.2,81.2,76.8,78.6,75.6,68.2,211.7,28.5,45.7
22_M_0443,남,71,172,50.1,62.3,65.9,67.8,55.4,104.2,73.1,103.4,106.1,97.3,89.3,52,17.6,18.2,17.7,17.3,20.4,20.5,20.7,18,85.2,66.9,54.4,56.6,53.2,51.1,62.8,63.6,63.3,56.7,73,70.9,71.3,67.5,64.5,202.7,29.6,43.4
22_M_0444,남,77,183.9,45.2,66.2,78.5,71.2,52.6,111,83.3,109.1,105.4,101.8,99.1,45.4,18.5,18.4,17.9,18.9,20.8,21.5,19.9,18.8,90.3,67.1,56.6,59.9,54.7,57.5,68,73,68.9,61.3,73.4,72.7,77.4,75.2,70,212.2,28.7,41.8
22_M_0445,남,73,188.5,52.6,70.9,79.2,76.2,58.5,116.4,82.2,109,109.4,104.3,100.8,46.8,18.4,18.7,17.7,17.5,20.4,22.4,20.6,17.8,92.2,67.2,56.1,58.8,58.2,50.8,70.4,72.1,67.9,58.1,72.6,77.1,72.5,70.9,66.8,217.4,30.4,44.3
22_M_0446,남,74,183.3,53.7,67.4,77.3,76,59.3,110.3,74.2,106.1,106.1,100,93.7,53.7,19.7,19.3,18.6,18.9,21.4,22.2,21.6,18.8,92.7,72.8,62.9,59.8,56.7,57.4,68.4,70.1,70.1,61.9,79.8,75.2,77.3,73.5,69.1,218.9,31.9,45.5
22_M_0447,남,74,177.3,53.7,68.9,77,75,58.1,105.2,73.6,101.5,100.3,94.9,89.1,54.9,18.9,16,18.7,16.6,20.5,18.3,20.5,19,90.8,69.1,58.3,57.9,57.7,52.5,67.1,66,67.4,61.3,76.4,79,72.2,70.8,65.4,216.6,32.1,46.9
22_M_0448,남,74,180.7,51,65.6,76.1,72.2,58.6,114.9,83,106,104.6,100.9,93.2,48.4,19.7,20.2,18.7,19,21.7,22.4,21.8,20.1,95.1,74,59.6,63.8,59.1,55.7,68.9,70.9,71.7,63.8,82.3,81.1,75.8,77.5,71.8,225.5,30.8,45.3
22_M_0449,남,73,191,55.7,67.8,77.2,79.1,63.9,119.2,83.3,114.6,113.9,107.7,98.6,56.1,19.8,20.7,20.4,18.9,22.1,23.4,21.6,19.9,98,77.7,62,63.5,62.9,58.1,71.2,76.2,72.1,64.1,89.3,84.4,87.1,83.6,74.6,234.4,32.7,52.4
22_M_0450,남,74,177.3,51.9,60.1,72,70.6,52.9,109.1,71,106.1,105.3,99.4,91.7,48,17.3,16.5,16.2,14.7,18.3,18.8,18.3,15.6,79.8,62.3,53.5,53.7,51.2,43.3,60,63.2,60.9,55.6,71.9,68.8,69.9,65.7,60.3,194,28.6,39
22_M_0451,남,77,183.3,54.6,78.4,86.5,82.7,62.9,110.3,74.8,98.1,97,90.7,87,53.3,18.5,19.4,15.8,18.3,21.8,21.8,19.8,19,94.1,68.2,59.2,59.1,54.9,62.3,71.5,71.2,69.2,66,71.6,77.7,78.6,72,71.8,226.1,32.6,42.8
22_M_0452,남,74,178.9,59.3,69.9,79.3,74.8,63,111.8,69.1,98.8,99.7,94.8,84.7,47.1,15.2,16.3,15.6,16.9,19.5,19.9,20.6,18,81.6,64.5,49.7,52.8,50.6,50,62.5,65.4,64.2,56.5,75.8,73.4,71.7,72.2,64,200.4,31.1,41.8
22_M_0453,남,73,188.1,58.8,75,83,82.3,61.7,116.4,75.8,104.1,105.1,100,93.1,56,19.5,19.9,19,17.4,22.4,22.6,21.5,17.1,89.5,70.7,59.4,61.6,58.9,54.6,69.2,72,68.6,59.3,75.6,77.9,79.7,77.4,65.8,218.1,33.1,42.5
22_M_0454,남,72,173.3,47.6,74.8,75.7,75.8,60.5,105.7,75.8,93.5,97.6,93,88,36.2,18.1,18.1,16.5,16.8,21.4,20.2,19.5,17.6,81.5,66.8,56.3,56.9,56.2,48.8,68.8,67,65.3,61.6,73.7,74.5,76.5,66.3,63.9,201.5,29.7,39.5
22_M_0455,남,73,163.3,49.9,64.6,69.9,67.7,55.7,90.7,64.6,88.7,93.5,88.8,81.5,43.8,17.7,18.8,16.3,17.8,20.1,20.7,20.6,17.9,84.2,68.5,54.4,58.4,52,51.9,63.7,65.1,65,57.9,79.5,76.5,71.5,71.9,64.7,203.3,34.1,42.4
22_M_0456,남,73,185.7,52.7,72.5,79.7,77.3,60.9,113.2,79.8,105.7,106,101.6,94.9,47.3,18.6,18.9,17.8,18.5,20.7,21.9,20.3,17.8,88.8,72,56.6,58.4,55.9,55,68.7,73.4,68.4,62.5,76.9,76.6,80.7,78.8,67.7,217.2,33.1,46.5
22_M_0457,남,74,184.5,52.4,74.4,81.2,79.7,65.3,110,76.7,102.2,103.4,98.1,90.6,49.1,18.9,17.6,17,17.8,20.1,21.3,21.1,19.6,91,70.5,57.7,56.5,55.4,52.4,68.4,71.5,69.8,64.6,72.6,79,75.1,73,67.7,225.6,35.5,45.9
22_M_0458,남,78,184.9,55.5,69.1,82.2,79.8,64.5,113.6,74.4,104.5,102.7,96,88.8,50.3,16.3,17.3,16.4,16.2,18.6,20.3,18.2,17,83.5,67.4,50.2,54.2,51.3,48,61.3,66.3,63.2,56.7,69.6,71.1,70.9,68.9,62.6,203.7,30,38.6
22_M_0459,남,72,190.8,55.1,79.1,87.4,84.3,65.6,115.4,79.9,103.5,103.4,99.3,94.1,46.5,19.7,19.9,19.6,19.7,22.9,23.4,20.8,19,96.3,74.4,61.4,61.4,61.5,59,75.2,75.2,70.9,66.6,81.3,82.2,80.9,80,72.1,236.6,38.4,49.8
22_M_0460,남,72,187.6,55.3,72,80.9,72.7,59.3,113.4,77.8,104.7,106.7,103.5,94.3,47.5,17.7,18,16.7,16.6,21.1,22.6,19.9,18.3,88.5,66.9,54.8,57.3,53.6,52.1,68.8,72,69.2,60.6,75,76.3,75.6,76.4,63.7,216,33,44.5
22_M_0461,남,75,182.4,54.9,72,82.2,76.8,60.9,110.7,73.9,100.4,100.2,96.9,85.2,48.6,18.4,18.5,17.3,17.8,20.2,21.3,19.8,19.1,86,67.9,56.1,55.9,52.8,53.8,67.3,68.1,64.2,65.2,72,72.4,72.4,68,66.2,213.5,32.6,42.7
22_M_0462,남,71,201.6,50.4,74.9,86.2,81.2,64,113.1,80.5,116.3,115.4,110.8,102,55.2,19.6,19.2,17.7,19.6,21.2,21.1,20.5,17.8,89.4,66.7,56.2,57.8,53.4,52.8,68.7,70.8,66.7,60.5,74.5,77.9,78.1,73.7,71.7,222.2,34.4,43.6
22_M_0463,남,74,180.5,57.2,67.9,79.7,76.1,60.8,106.3,70.9,101.2,100.8,95.3,88.9,52.6,18.9,19.8,17.9,18.9,20.4,21.4,21.5,16.9,86.6,68.4,57.3,63.1,57.6,55.6,67.2,69.8,70.7,62.7,74.9,76.6,83.2,79.4,69.5,212.4,33.4,44.9
22_M_0464,남,71,175.5,49.2,64.1,67.5,73.1,56.4,108.6,79.5,109.7,108,102.2,97.3,53.6,19,20.2,19.4,19.8,21.3,22,20,19.2,96.2,71,57,61.8,56.8,55.5,67.3,72.6,68.2,61.8,73.8,74.1,74.1,80.9,73,225.5,28.9,46.7
22_M_0465,남,72,185.6,57.1,76.3,80.7,72.9,62.1,118.7,77.2,104.1,105.2,100.5,88.5,48.8,19.4,17.9,19.5,17.1,20.2,20.4,21.3,18.8,87.7,70.2,59.7,59.3,58.8,50.9,67.7,68.9,67.4,60.5,71,73.2,71,73.3,66.9,215.1,32.2,43.6
22_M_0466,남,74,188.7,52,70.7,81.4,74.5,59.2,116.4,84.2,108,107.4,104,95,49.8,21.7,21.8,20.1,21,22.6,23.7,21.2,21.1,94.7,79.9,64.4,67.9,64,62.1,73.8,76.1,72.9,67.2,87.3,80.8,86.8,77.1,73.2,228.4,33.7,49.1
22_M_0467,남,74,191,58.7,79.3,84,76.8,55.3,120.4,79.6,104.6,107,106.5,102.8,47.2,19.4,18.3,19,19.4,20.8,20.6,21,18.5,89.7,73.3,57.6,57.6,57.9,56.5,66.6,69.4,66.7,59.9,76.5,76,76.9,75.7,67.8,211.2,30.8,44.7
22_M_0468,남,71,190.7,49.4,69,82.4,78.6,55.4,111.1,79.1,107.8,108.3,103.8,99.1,48.5,16.3,17.7,17.3,16.4,17.9,22.1,20.8,18.1,92.3,64.9,53.5,56,52.6,52.9,62.8,70.4,65.2,59.2,70.5,70.4,73.6,72.4,64.3,216.2,30.3,43
22_M_0469,남,72,190.1,47,69.5,78.7,76.8,56.6,118.5,86.1,112.2,111.4,107.9,102.6,47.9,18.7,18.1,17.6,17.2,21.1,20.2,20.6,17.8,94.9,64.9,57.2,56.3,54.7,51.1,69.6,68.4,67.7,59.4,74.4,77.3,72,71.2,67.6,219.3,28.5,45.6
22_M_0470,남,73,176.6,47.3,64.1,76.9,69.6,48.3,98.7,73.5,100.6,99.7,99.8,95.7,46.2,18.1,18.3,17.4,16.8,21.8,20.6,19.7,17.2,85.2,69,58.9,58.7,54,50.1,67.1,66.8,62.6,53.2,80.2,77.9,76.4,71,64.7,202.8,29.4,40.2
22_M_0471,남,70,190.5,56.2,77.9,81.2,80,67.9,117,79.8,108,109.2,104.5,95.2,50.8,20.2,19.9,19.2,19.5,21.8,22,21.5,19.5,91.4,74.9,60.7,63.1,62,59.4,71.9,73.6,70,64.5,73.4,77.1,77.3,75.1,68.5,220.2,32,43.7
22_M_0472,남,71,180.2,57.7,64.5,75.4,73,52.4,111.5,73.7,107.1,104.8,99.1,93.8,54.3,19,19.5,12.9,18.9,19.2,20.9,16.7,17.8,87,70.8,57.8,58.3,49.8,54.1,64.9,68.5,62.6,59,80.9,73.1,73.6,75.8,68.9,211.8,32.6,41.1
22_M_0473,남,74,176.9,55.1,67.6,74.7,68.5,46.9,109.2,71,101,102.2,98.9,91.1,50,17.3,17.9,16.6,13.1,19,20.3,19.7,15.6,83.4,68,53,56,53.8,41.6,63.5,67,63.4,53.7,76.2,72.2,71.3,69.8,62.9,197.6,28,41.5
22_M_0474,남,70,176.7,54.9,67.3,75,69.1,47.2,108.5,70.9,101.1,101.6,98.1,91.6,49.5,17.2,18,16.7,13.1,19,20.3,19,15.3,83.9,67.5,52.9,56.1,53.9,41.4,63.4,67.1,63.4,53,76.6,72.1,71.4,69.8,58.7,197.9,27.8,41.6
22_M_0475,남,74,181.8,51.6,68.9,79.3,71.4,52.8,110.9,77.8,102.4,102.5,98,90.9,45.5,18.6,18.6,18,17.8,19.9,21.6,20.4,17.1,88,69,55,59.1,56.2,52.7,67.6,72,68.1,56.8,78.3,73.5,70.8,71.7,61.6,210.6,30.1,45
22_M_0476,남,73,187.7,54.3,67.9,80,74.2,50.7,114.7,82.8,113.8,107.8,104.4,101.7,56.8,20.9,20.8,20.7,19.2,21.5,23.7,20.5,18.9,98,74.6,63.4,65.1,64.2,57.9,70.4,75.9,69.9,61,83.1,79.1,86,76.3,64.8,227.2,32.9,47.3
